Country Code,Country,Field,URL,Status,Reason,HTTP Status,Final URL,Checked At UTC,Attempts
AF,Afghanistan,Central Bank Website,https://www.dab.gov.af/,OK,HTTP 200,200,https://www.dab.gov.af/,2026-09-30T07:31:17+00:00,"[{""http_status"":200,""final_url"":""https://www.dab.gov.af/"",""title"":""Da Afghanistan Bank | Da Afghanistan Bank"",""error"":""""}]"
AL,Albania,Link,http://www.instat.gov.al/en/home.aspx,BROKEN,Repeated HTTP 404,404,https://www.instat.gov.al/en/home.aspx,2026-09-30T07:30:45+00:00,"[{""http_status"":404,""final_url"":""https://www.instat.gov.al/en/home.aspx"",""title"":"""",""error"":""HTTP Error 404: Not Found""},{""http_status"":404,""final_url"":""https://www.instat.gov.al/en/home.aspx"",""title"":"""",""error"":""HTTP Error 404: Not Found""}]"
AL,Albania,Microdata,http://www.instat.gov.al/en/figures/micro-data/,OK,HTTP 200,200,https://www.instat.gov.al/en/figures/micro-data/,2026-09-30T07:30:43+00:00,"[{""http_status"":200,""final_url"":""https://www.instat.gov.al/en/figures/micro-data/"",""title"":""Micro Data"",""error"":""""}]"
AL,Albania,Central Bank Website,https://www.bankofalbania.org/home/,OK,HTTP 200,200,https://www.bankofalbania.org/home/,2026-09-30T07:31:00+00:00,"[{""http_status"":200,""final_url"":""https://www.bankofalbania.org/home/"",""title"":""Home"",""error"":""""}]"
DZ,Algeria,Link,https://www.ons.dz/,OK,HTTP 200,200,https://www.ons.dz/,2026-09-30T07:31:32+00:00,"[{""http_status"":200,""final_url"":""https://www.ons.dz/"",""title"":""ONS : Office National des Statistiques"",""error"":""""}]"
DZ,Algeria,Central Bank Website,https://www.bank-of-algeria.dz/,OK,HTTP 200,200,https://www.bank-of-algeria.dz/,2026-09-30T07:31:03+00:00,"[{""http_status"":200,""final_url"":""https://www.bank-of-algeria.dz/"",""title"":""Bank Of Algeria"",""error"":""""}]"
AS,American Samoa,Central Bank Website,www.federalreserve.org,OK,HTTP 200,200,https://www.federalreserve.org,2026-09-30T07:31:42+00:00,"[{""http_status"":200,""final_url"":""https://www.federalreserve.org"",""title"":""Authentication failed - Federal Reserve Banks"",""error"":""""}]"
AD,Andorra,Link,https://www.estadistica.ad/serveiestudis/web/index.asp?lang=4,BROKEN,Repeated HTTP 404,404,https://www.estadistica.ad/serveiestudis/web/index.asp?lang=4,2026-09-30T07:31:21+00:00,"[{""http_status"":404,""final_url"":""https://www.estadistica.ad/serveiestudis/web/index.asp?lang=4"",""title"":"""",""error"":""HTTP Error 404: Not Found""},{""http_status"":404,""final_url"":""https://www.estadistica.ad/serveiestudis/web/index.asp?lang=4"",""title"":"""",""error"":""HTTP Error 404: Not Found""}]"
AD,Andorra,Central Bank Website,https://www.ecb.europa.eu/home/html/index.en.html,OK,HTTP 200,200,https://www.ecb.europa.eu/home/html/index.en.html,2026-09-30T07:31:18+00:00,"[{""http_status"":200,""final_url"":""https://www.ecb.europa.eu/home/html/index.en.html"",""title"":""European Central Bank"",""error"":""""}]"
AO,Angola,Link,http://www.ine-ao.com/index.html,UNVERIFIED,Access blocked or rate limited: HTTP 403,403,http://www.ine-ao.com/index.html,2026-09-30T07:30:43+00:00,"[{""http_status"":403,""final_url"":""http://www.ine-ao.com/index.html"",""title"":"""",""error"":""HTTP Error 403: Forbidden""},{""http_status"":403,""final_url"":""http://www.ine-ao.com/index.html"",""title"":"""",""error"":""HTTP Error 403: Forbidden""}]"
AO,Angola,Central Bank Website,https://www.bna.ao/#/,OK,HTTP 200,200,https://www.bna.ao/#/,2026-09-30T07:31:06+00:00,"[{""http_status"":200,""final_url"":""https://www.bna.ao/#/"",""title"":""Banco Nacional de Angola"",""error"":""""}]"
AI,Anguilla,Link,http://statistics.gov.ai/,OK,HTTP 200,200,http://statistics.gov.ai/,2026-09-30T07:30:39+00:00,"[{""http_status"":200,""final_url"":""http://statistics.gov.ai/"",""title"":""Anguilla Statistics Department | Home"",""error"":""""}]"
AI,Anguilla,Central Bank Website,https://www.eccb-centralbank.org/,UNVERIFIED,Access blocked or rate limited: HTTP 403,403,https://www.eccb-centralbank.org/,2026-09-30T07:31:19+00:00,"[{""http_status"":403,""final_url"":""https://www.eccb-centralbank.org/"",""title"":"""",""error"":""HTTP Error 403: Forbidden""},{""http_status"":403,""final_url"":""https://www.eccb-centralbank.org/"",""title"":"""",""error"":""HTTP Error 403: Forbidden""}]"
AG,Antigua and Barbuda,Link,https://statistics.gov.ag/,OK,HTTP 200,200,https://statistics.gov.ag/,2026-09-30T07:30:56+00:00,"[{""http_status"":200,""final_url"":""https://statistics.gov.ag/"",""title"":"""",""error"":""""}]"
AG,Antigua and Barbuda,Central Bank Website,https://www.eccb-centralbank.org/,UNVERIFIED,Access blocked or rate limited: HTTP 403,403,https://www.eccb-centralbank.org/,2026-09-30T07:31:19+00:00,"[{""http_status"":403,""final_url"":""https://www.eccb-centralbank.org/"",""title"":"""",""error"":""HTTP Error 403: Forbidden""},{""http_status"":403,""final_url"":""https://www.eccb-centralbank.org/"",""title"":"""",""error"":""HTTP Error 403: Forbidden""}]"
AR,Argentina,Link,https://www.indec.gob.ar/,OK,HTTP 200,200,https://www.indec.gob.ar/,2026-09-30T07:31:22+00:00,"[{""http_status"":200,""final_url"":""https://www.indec.gob.ar/"",""title"":""INDEC: Instituto Nacional de Estadística y Censos de la República Argentina"",""error"":""""}]"
AR,Argentina,Central Bank Website,http://www.bcra.gov.ar/,REVIEW,<urlopen error Cross-domain redirect not followed: https://www.bcra.gob.ar/>,,http://www.bcra.gov.ar/,2026-09-30T07:30:40+00:00,"[{""http_status"":"""",""final_url"":""http://www.bcra.gov.ar/"",""title"":"""",""error"":""<urlopen error Cross-domain redirect not followed: https://www.bcra.gob.ar/>"",""redirect_target"":""https://www.bcra.gob.ar/""}]"
AM,Armenia,Link,https://www.armstat.am/en/,OK,HTTP 200,200,https://www.armstat.am/en/,2026-09-30T07:30:59+00:00,"[{""http_status"":200,""final_url"":""https://www.armstat.am/en/"",""title"":""Statistical Committee of the Republic of Armenia"",""error"":""""}]"
AM,Armenia,Microdata,https://www.armstat.am/en/?nid=15,OK,HTTP 200,200,https://www.armstat.am/en/?nid=15,2026-09-30T07:30:59+00:00,"[{""http_status"":200,""final_url"":""https://www.armstat.am/en/?nid=15"",""title"":""Microdata / Statistical Committee of the Republic of Armenia"",""error"":""""}]"
AM,Armenia,Central Bank Website,https://www.cba.am/EN/SitePages/lalaws.aspx,REVIEW,<urlopen error Cross-domain redirect not followed: http://old.cba.am/EN/SitePages/lalaws.aspx>,,https://www.cba.am/EN/SitePages/lalaws.aspx,2026-09-30T07:31:12+00:00,"[{""http_status"":"""",""final_url"":""https://www.cba.am/EN/SitePages/lalaws.aspx"",""title"":"""",""error"":""<urlopen error Cross-domain redirect not followed: http://old.cba.am/EN/SitePages/lalaws.aspx>"",""redirect_target"":""http://old.cba.am/EN/SitePages/lalaws.aspx""}]"
AW,Aruba,Link,https://cbs.aw/wp/,UNVERIFIED,HTTP 307,307,https://cbs.aw/wp/,2026-09-30T07:30:49+00:00,"[{""http_status"":307,""final_url"":""https://cbs.aw/wp/"",""title"":"""",""error"":""HTTP Error 307: Temporary Redirect""},{""http_status"":307,""final_url"":""https://cbs.aw/wp/"",""title"":"""",""error"":""HTTP Error 307: Temporary Redirect""}]"
AW,Aruba,Central Bank Website,https://www.cbaruba.org/,OK,HTTP 200,200,https://www.cbaruba.org/,2026-09-30T07:31:12+00:00,"[{""http_status"":200,""final_url"":""https://www.cbaruba.org/"",""title"":""Centrale Bank van Aruba - Home"",""error"":""""}]"
AU,Australia,Link,https://www.abs.gov.au/,OK,HTTP 200,200,https://www.abs.gov.au/,2026-09-30T07:30:57+00:00,"[{""http_status"":200,""final_url"":""https://www.abs.gov.au/"",""title"":""Australian Bureau of Statistics"",""error"":""""}]"
AU,Australia,Microdata,https://www.abs.gov.au/statistics/microdata-tablebuilder,OK,HTTP 200,200,https://www.abs.gov.au/statistics/microdata-tablebuilder,2026-09-30T07:30:57+00:00,"[{""http_status"":200,""final_url"":""https://www.abs.gov.au/statistics/microdata-tablebuilder"",""title"":""Microdata and TableBuilder | Australian Bureau of Statistics"",""error"":""""}]"
AU,Australia,Central Bank Website,https://www.rba.gov.au/,OK,HTTP 200,200,https://www.rba.gov.au/,2026-09-30T07:31:32+00:00,"[{""http_status"":200,""final_url"":""https://www.rba.gov.au/"",""title"":""Reserve Bank of Australia"",""error"":""""}]"
AT,Austria,Link,https://www.statistik.at/web_en/statistics/index.html,OK,HTTP 200,200,https://www.statistik.at/,2026-09-30T07:31:41+00:00,"[{""http_status"":200,""final_url"":""https://www.statistik.at/"",""title"":""Startseite - STATISTIK AUSTRIA - Die Informationsmanager"",""error"":""""}]"
AT,Austria,Central Bank Website,https://www.oenb.at/en/,OK,HTTP 200,200,https://www.oenb.at/en/,2026-09-30T07:31:30+00:00,"[{""http_status"":200,""final_url"":""https://www.oenb.at/en/"",""title"":""Oesterreichische Nationalbank (OeNB)"",""error"":""""}]"
AZ,Azerbaijan,Link,https://www.stat.gov.az/?lang=en,OK,HTTP 200,200,https://www.stat.gov.az/?lang=en,2026-09-30T07:31:38+00:00,"[{""http_status"":200,""final_url"":""https://www.stat.gov.az/?lang=en"",""title"":""The State Statistical Committee of the Republic of Azerbaijan"",""error"":""""}]"
AZ,Azerbaijan,Data,https://www.azstat.org/portal/,OK,HTTP 200,200,https://www.azstat.org/portal/,2026-09-30T07:31:08+00:00,"[{""http_status"":200,""final_url"":""https://www.azstat.org/portal/"",""title"":"""",""error"":""""}]"
AZ,Azerbaijan,Central Bank Website,https://www.cbar.az/home?language=en,OK,HTTP 200,200,https://www.cbar.az/home?language=en,2026-09-30T07:31:12+00:00,"[{""http_status"":200,""final_url"":""https://www.cbar.az/home?language=en"",""title"":""Central Bank of the Republic of Azerbaijan - Home page"",""error"":""""}]"
BS,Bahamas,Link,https://stats.gov.bs/,OK,HTTP 200,200,https://stats.gov.bs/,2026-09-30T07:30:56+00:00,"[{""http_status"":200,""final_url"":""https://stats.gov.bs/"",""title"":""Bahamas National Statistical Institute &#8211; Delivering timely official statistics"",""error"":""""}]"
BS,Bahamas,Central Bank Website,https://www.centralbankbahamas.com/,OK,HTTP 200,200,https://www.centralbankbahamas.com/,2026-09-30T07:31:15+00:00,"[{""http_status"":200,""final_url"":""https://www.centralbankbahamas.com/"",""title"":""Central Bank of The Bahamas"",""error"":""""}]"
BH,Bahrain,Link,https://www.iga.gov.bh/en/category/statistics-and-population,OK,HTTP 200,200,https://www.iga.gov.bh/en/category/statistics-and-population,2026-09-30T07:31:23+00:00,"[{""http_status"":200,""final_url"":""https://www.iga.gov.bh/en/category/statistics-and-population"",""title"":""Information &amp; eGovernment Authority | Statistics & Population"",""error"":""""}]"
BH,Bahrain,Central Bank Website,https://www.cbb.gov.bh/,OK,HTTP 200,200,https://www.cbb.gov.bh/,2026-09-30T07:31:14+00:00,"[{""http_status"":200,""final_url"":""https://www.cbb.gov.bh/"",""title"":""Central Bank of Bahrain | Home"",""error"":""""}]"
BD,Bangladesh,Link,http://www.bbs.gov.bd/,OK,HTTP 200,200,https://bbs.gov.bd/,2026-09-30T07:30:42+00:00,"[{""http_status"":200,""final_url"":""https://bbs.gov.bd/"",""title"":""হোম | বাংলাদেশ পরিসংখ্যান ব্যুরো"",""error"":""""}]"
BD,Bangladesh,Central Bank Website,https://www.bb.org.bd/en/index.php,OK,HTTP 200,200,https://www.bb.org.bd/en/index.php,2026-09-30T07:31:03+00:00,"[{""http_status"":200,""final_url"":""https://www.bb.org.bd/en/index.php"",""title"":""Bangladesh Bank"",""error"":""""}]"
BB,Barbados,Link,https://stats.gov.bb/,OK,HTTP 200,200,https://stats.gov.bb/,2026-09-30T07:30:57+00:00,"[{""http_status"":200,""final_url"":""https://stats.gov.bb/"",""title"":""Barbados Statistical Service &#8211; Working Together Towards Excellence"",""error"":""""}]"
BB,Barbados,Central Bank Website,http://www.centralbank.org.bb/,OK,HTTP 200,200,https://www.centralbank.org.bb:443/,2026-09-30T07:30:41+00:00,"[{""http_status"":200,""final_url"":""https://www.centralbank.org.bb:443/"",""title"":""Central Bank of Barbados - Home"",""error"":""""}]"
BY,Belarus,Link,https://www.belstat.gov.by/en/,OK,HTTP 200,200,https://www.belstat.gov.by/en/,2026-09-30T07:31:05+00:00,"[{""http_status"":200,""final_url"":""https://www.belstat.gov.by/en/"",""title"":""National Statistical portal of the Republic of Belarus"",""error"":""""}]"
BY,Belarus,Central Bank Website,https://www.nbrb.by/engl,UNVERIFIED,The read operation timed out,,https://www.nbrb.by/engl,2026-09-30T07:32:00+00:00,"[{""http_status"":"""",""final_url"":""https://www.nbrb.by/engl"",""title"":"""",""error"":""The read operation timed out"",""dns_error"":false},{""http_status"":"""",""final_url"":""https://www.nbrb.by/engl"",""title"":"""",""error"":""The read operation timed out"",""dns_error"":false}]"
BE,Belgium,Link,https://statbel.fgov.be/en,OK,HTTP 200,200,https://statbel.fgov.be/en,2026-09-30T07:30:55+00:00,"[{""http_status"":200,""final_url"":""https://statbel.fgov.be/en"",""title"":""| Statbel"",""error"":""""}]"
BE,Belgium,Data,https://statbel.fgov.be/en/open-data,OK,HTTP 200,200,https://statbel.fgov.be/en/open-data,2026-09-30T07:30:55+00:00,"[{""http_status"":200,""final_url"":""https://statbel.fgov.be/en/open-data"",""title"":""Open Data | Statbel"",""error"":""""}]"
BE,Belgium,Central Bank Website,https://www.nbb.be/fr,OK,HTTP 200,200,https://www.nbb.be/fr,2026-09-30T07:31:27+00:00,"[{""http_status"":200,""final_url"":""https://www.nbb.be/fr"",""title"":""Banque nationale de Belgique"",""error"":""""}]"
BZ,Belize,Link,http://sib.org.bz/,OK,HTTP 200,200,https://sib.org.bz/,2026-09-30T07:30:39+00:00,"[{""http_status"":200,""final_url"":""https://sib.org.bz/"",""title"":""Statistical Institute of Belize &#8211; Providing Belize with quality, objective and timely information"",""error"":""""}]"
BZ,Belize,Central Bank Website,https://www.centralbank.org.bz/,OK,HTTP 200,200,https://www.centralbank.org.bz/,2026-09-30T07:31:15+00:00,"[{""http_status"":200,""final_url"":""https://www.centralbank.org.bz/"",""title"":""The Central Bank of Belize | Central Bank of Belize"",""error"":""""}]"
BJ,Benin,Link,https://insae.bj/,UNVERIFIED,Access blocked or rate limited: HTTP 403,403,https://insae.bj/,2026-09-30T07:30:55+00:00,"[{""http_status"":403,""final_url"":""https://insae.bj/"",""title"":"""",""error"":""HTTP Error 403: Forbidden""},{""http_status"":403,""final_url"":""https://insae.bj/"",""title"":"""",""error"":""HTTP Error 403: Forbidden""}]"
BJ,Benin,Data,https://insae.bj/statistiques/enquetes-et-recensements,BROKEN,Repeated HTTP 404,404,https://insae.bj/statistiques/enquetes-et-recensements,2026-09-30T07:30:54+00:00,"[{""http_status"":404,""final_url"":""https://insae.bj/statistiques/enquetes-et-recensements"",""title"":"""",""error"":""HTTP Error 404: Not Found""},{""http_status"":404,""final_url"":""https://insae.bj/statistiques/enquetes-et-recensements"",""title"":"""",""error"":""HTTP Error 404: Not Found""}]"
BJ,Benin,Central Bank Website,https://www.bceao.int/fr/etats-membres/benin,OK,HTTP 200,200,https://www.bceao.int/fr/etats-membres/benin,2026-09-30T07:31:02+00:00,"[{""http_status"":200,""final_url"":""https://www.bceao.int/fr/etats-membres/benin"",""title"":""Bénin | BCEAO"",""error"":""""}]"
BM,Bermuda,Link,https://www.gov.bm/department/statistics,OK,HTTP 200,200,https://www.gov.bm/department/statistics,2026-09-30T07:31:19+00:00,"[{""http_status"":200,""final_url"":""https://www.gov.bm/department/statistics"",""title"":""Statistics - Government of Bermuda"",""error"":""""}]"
BM,Bermuda,Data,http://sib.org.bz/data-portals/,OK,HTTP 200,200,http://sib.org.bz/data-portals/,2026-09-30T07:30:39+00:00,"[{""http_status"":200,""final_url"":""http://sib.org.bz/data-portals/"",""title"":""Data Portals &#8211; Statistical Institute of Belize"",""error"":""""}]"
BM,Bermuda,Microdata,http://sib.org.bz/data-portals/microdata/,OK,HTTP 200,200,http://sib.org.bz/data-portals/microdata/,2026-09-30T07:30:39+00:00,"[{""http_status"":200,""final_url"":""http://sib.org.bz/data-portals/microdata/"",""title"":""Microdata &#8211; Statistical Institute of Belize"",""error"":""""}]"
BM,Bermuda,Central Bank Website,https://www.bma.bm/,OK,HTTP 200,200,https://www.bma.bm/,2026-09-30T07:31:11+00:00,"[{""http_status"":200,""final_url"":""https://www.bma.bm/"",""title"":"""",""error"":""""}]"
BT,Bhutan,Link,https://www.nsb.gov.bt/,UNVERIFIED,<urlopen error _ssl.c:993: The handshake operation timed out>,,https://www.nsb.gov.bt/,2026-09-30T07:32:01+00:00,"[{""http_status"":"""",""final_url"":""https://www.nsb.gov.bt/"",""title"":"""",""error"":""<urlopen error [WinError 10054] An existing connection was forcibly closed by the remote host>"",""dns_error"":false},{""http_status"":"""",""final_url"":""https://www.nsb.gov.bt/"",""title"":"""",""error"":""<urlopen error _ssl.c:993: The handshake operation timed out>"",""dns_error"":false}]"
BT,Bhutan,Central Bank Website,https://www.rma.org.bt/,OK,HTTP 200,200,https://www.rma.org.bt/,2026-09-30T07:31:36+00:00,"[{""http_status"":200,""final_url"":""https://www.rma.org.bt/"",""title"":""Royal Monetary Authority"",""error"":""""}]"
BO,Bolivia,Link,https://www.ine.gob.bo/,OK,HTTP 200,200,https://www.ine.gob.bo/,2026-09-30T07:31:23+00:00,"[{""http_status"":200,""final_url"":""https://www.ine.gob.bo/"",""title"":""Instituto Nacional de Estadística - INE"",""error"":""""}]"
BO,Bolivia,Central Bank Website,https://www.bcb.gob.bo/,OK,HTTP 200,200,https://www.bcb.gob.bo/,2026-09-30T07:31:02+00:00,"[{""http_status"":200,""final_url"":""https://www.bcb.gob.bo/"",""title"":""Banco Central de Bolivia"",""error"":""""}]"
BA,Bosnia and Herzegovina,Link,https://bhas.gov.ba/?lang=en,OK,HTTP 200,200,https://bhas.gov.ba/?lang=en,2026-09-30T07:30:46+00:00,"[{""http_status"":200,""final_url"":""https://bhas.gov.ba/?lang=en"",""title"":"""",""error"":""""}]"
BA,Bosnia and Herzegovina,Central Bank Website,https://www.cbbh.ba/?lang=en,OK,HTTP 200,200,https://www.cbbh.ba/?lang=en,2026-09-30T07:31:12+00:00,"[{""http_status"":200,""final_url"":""https://www.cbbh.ba/?lang=en"",""title"":""The Central Bank of Bosnia and Herzegovina"",""error"":""""}]"
BW,Botswana,Link,https://www.statsbots.org.bw/,OK,HTTP 200,200,https://www.statsbots.org.bw/,2026-09-30T07:31:42+00:00,"[{""http_status"":200,""final_url"":""https://www.statsbots.org.bw/"",""title"":""Statistics Botswana | home"",""error"":""""}]"
BW,Botswana,Microdata,http://botswana.microdatahub.com/index.php/catalog,REVIEW,<urlopen error Cross-domain redirect not followed: https://www.hugedomains.com/domain_profile.cfm?d=microdatahub.com>,,http://botswana.microdatahub.com/index.php/catalog,2026-09-30T07:30:39+00:00,"[{""http_status"":"""",""final_url"":""http://botswana.microdatahub.com/index.php/catalog"",""title"":"""",""error"":""<urlopen error Cross-domain redirect not followed: https://www.hugedomains.com/domain_profile.cfm?d=microdatahub.com>"",""redirect_target"":""https://www.hugedomains.com/domain_profile.cfm?d=microdatahub.com""}]"
BW,Botswana,Central Bank Website,https://www.bankofbotswana.bw/,OK,HTTP 200,200,https://www.bankofbotswana.bw/,2026-09-30T07:31:01+00:00,"[{""http_status"":200,""final_url"":""https://www.bankofbotswana.bw/"",""title"":""Home | Bank of Botswana"",""error"":""""}]"
BR,Brazil,Link,https://www.ibge.gov.br/en/home-eng.html,OK,HTTP 200,200,https://www.ibge.gov.br/en/home-eng.html,2026-09-30T07:31:22+00:00,"[{""http_status"":200,""final_url"":""https://www.ibge.gov.br/en/home-eng.html"",""title"":""IBGE | Portal do IBGE | IBGE"",""error"":""""}]"
BR,Brazil,Microdata,https://www.ibge.gov.br/en/statistics/full-list-statistics.html,UNVERIFIED,Access blocked or rate limited: HTTP 403,403,https://www.ibge.gov.br/en/statistics/full-list-statistics.html,2026-09-30T07:31:22+00:00,"[{""http_status"":403,""final_url"":""https://www.ibge.gov.br/en/statistics/full-list-statistics.html"",""title"":"""",""error"":""HTTP Error 403: Forbidden""},{""http_status"":403,""final_url"":""https://www.ibge.gov.br/en/statistics/full-list-statistics.html"",""title"":"""",""error"":""HTTP Error 403: Forbidden""}]"
BR,Brazil,Central Bank Website,https://www.bcb.gov.br/en,OK,HTTP 200,200,https://www.bcb.gov.br/en,2026-09-30T07:31:02+00:00,"[{""http_status"":200,""final_url"":""https://www.bcb.gov.br/en"",""title"":""Banco Central do Brasil"",""error"":""""}]"
IO,British Indian Ocean Territory,Link,https://biot.gov.io/,OK,HTTP 200,200,https://www.biot.gov.io/,2026-09-30T07:30:46+00:00,"[{""http_status"":200,""final_url"":""https://www.biot.gov.io/"",""title"":""British Indian Ocean Territory"",""error"":""""}]"
IO,British Indian Ocean Territory,Central Bank Website,https://www.bankofengland.co.uk/,OK,HTTP 200,200,https://www.bankofengland.co.uk/,2026-09-30T07:31:00+00:00,"[{""http_status"":200,""final_url"":""https://www.bankofengland.co.uk/"",""title"":""Home | Bank of England – the UK&#39;s central bank"",""error"":""""}]"
VG,British Virgin Islands,Link,http://www.bvi.gov.vg/departments/central-statistics-office-0,BROKEN,Repeated HTTP 404,404,http://www.bvi.gov.vg/departments/central-statistics-office-0,2026-09-30T07:30:42+00:00,"[{""http_status"":404,""final_url"":""http://www.bvi.gov.vg/departments/central-statistics-office-0"",""title"":"""",""error"":""HTTP Error 404: Not Found""},{""http_status"":404,""final_url"":""http://www.bvi.gov.vg/departments/central-statistics-office-0"",""title"":"""",""error"":""HTTP Error 404: Not Found""}]"
VG,British Virgin Islands,Central Bank Website,https://www.bvifsc.vg/,UNVERIFIED,Access blocked or rate limited: HTTP 403,403,https://www.bvifsc.vg/,2026-09-30T07:31:12+00:00,"[{""http_status"":403,""final_url"":""https://www.bvifsc.vg/"",""title"":"""",""error"":""HTTP Error 403: Forbidden""},{""http_status"":403,""final_url"":""https://www.bvifsc.vg/"",""title"":"""",""error"":""HTTP Error 403: Forbidden""}]"
BN,Brunei,Link,http://www.deps.gov.bn/SitePages/National%20Statistics.aspx,BROKEN,Repeated HTTP 404,404,https://www.deps.gov.bn/SitePages/National%20Statistics.aspx,2026-09-30T07:30:51+00:00,"[{""http_status"":404,""final_url"":""https://www.deps.gov.bn/SitePages/National%20Statistics.aspx"",""title"":"""",""error"":""HTTP Error 404: Not Found""},{""http_status"":404,""final_url"":""https://www.deps.gov.bn/SitePages/National%20Statistics.aspx"",""title"":"""",""error"":""HTTP Error 404: Not Found""}]"
BN,Brunei,Central Bank Website,https://www.bdcb.gov.bn/home.aspx,BROKEN,Repeated HTTP 404,404,https://www.bdcb.gov.bn/home.aspx,2026-09-30T07:31:06+00:00,"[{""http_status"":404,""final_url"":""https://www.bdcb.gov.bn/home.aspx"",""title"":"""",""error"":""HTTP Error 404: Not Found""},{""http_status"":404,""final_url"":""https://www.bdcb.gov.bn/home.aspx"",""title"":"""",""error"":""HTTP Error 404: Not Found""}]"
BG,Bulgaria,Link,https://www.nsi.bg/en,OK,HTTP 200,200,https://www.nsi.bg/en,2026-09-30T07:31:30+00:00,"[{""http_status"":200,""final_url"":""https://www.nsi.bg/en"",""title"":""NSI - National statistical institute"",""error"":""""}]"
BG,Bulgaria,Central Bank Website,https://www.bnb.bg/,OK,HTTP 200,200,https://www.bnb.bg/,2026-09-30T07:31:07+00:00,"[{""http_status"":200,""final_url"":""https://www.bnb.bg/"",""title"":"""",""error"":""""}]"
BF,Burkina Faso,Link,https://www.insd.bf/,OK,HTTP 200,200,https://www.insd.bf/,2026-09-30T07:31:25+00:00,"[{""http_status"":200,""final_url"":""https://www.insd.bf/"",""title"":""Accueil | INSD"",""error"":""""}]"
BF,Burkina Faso,Central Bank Website,https://www.bceao.int/fr/etats-membres/benin,OK,HTTP 200,200,https://www.bceao.int/fr/etats-membres/benin,2026-09-30T07:31:02+00:00,"[{""http_status"":200,""final_url"":""https://www.bceao.int/fr/etats-membres/benin"",""title"":""Bénin | BCEAO"",""error"":""""}]"
BI,Burundi,Link,https://www.isteebu.bi/,OK,HTTP 200,200,https://www.isteebu.bi/,2026-09-30T07:31:26+00:00,"[{""http_status"":200,""final_url"":""https://www.isteebu.bi/"",""title"":""Isteebu.bi / Nova Network"",""error"":""""}]"
BI,Burundi,Central Bank Website,https://www.brb.bi/,OK,HTTP 200,200,https://www.brb.bi/,2026-09-30T07:31:12+00:00,"[{""http_status"":200,""final_url"":""https://www.brb.bi/"",""title"":""Bienvenue ! | Banque de la République du Burundi"",""error"":""""}]"
KH,Cambodia,Link,https://www.nis.gov.kh/index.php/km/,BROKEN,Repeated HTTP 404,404,https://nis.gov.kh/km/,2026-09-30T07:31:34+00:00,"[{""http_status"":404,""final_url"":""https://nis.gov.kh/km/"",""title"":"""",""error"":""HTTP Error 404: Not Found""},{""http_status"":404,""final_url"":""https://nis.gov.kh/km/"",""title"":"""",""error"":""HTTP Error 404: Not Found""}]"
KH,Cambodia,Microdata,http://nada.nis.gov.kh/index.php/home,SOURCE VERIFIED,Official/recognized catalog identified; direct HTTP check not performed,Not tested,http://nada.nis.gov.kh/index.php/home,2026-09-30T07:30:40+00:00,Official source verified; direct HTTP check not performed
KH,Cambodia,Central Bank Website,https://www.nbc.org.kh/english/,UNVERIFIED,<urlopen error timed out>,,https://www.nbc.org.kh/english/,2026-09-30T07:31:58+00:00,"[{""http_status"":"""",""final_url"":""https://www.nbc.org.kh/english/"",""title"":"""",""error"":""<urlopen error timed out>"",""dns_error"":false},{""http_status"":"""",""final_url"":""https://www.nbc.org.kh/english/"",""title"":"""",""error"":""<urlopen error timed out>"",""dns_error"":false}]"
CM,Cameroon,Link,https://ins-cameroun.cm/en/welcome/,OK,HTTP 200,200,https://ins-cameroun.cm/en/welcome/,2026-09-30T07:30:52+00:00,"[{""http_status"":200,""final_url"":""https://ins-cameroun.cm/en/welcome/"",""title"":""Welcome &#8211; Institut National de la Statistique du Cameroun"",""error"":""""}]"
CM,Cameroon,Central Bank Website,https://www.beac.int/,OK,HTTP 200,200,https://www.beac.int/,2026-09-30T07:31:08+00:00,"[{""http_status"":200,""final_url"":""https://www.beac.int/"",""title"":""Accueil - BEAC"",""error"":""""}]"
CA,Canada,Link,https://www.statcan.gc.ca/en/start,OK,HTTP 200,200,https://www.statcan.gc.ca/en/start,2026-09-30T07:31:38+00:00,"[{""http_status"":200,""final_url"":""https://www.statcan.gc.ca/en/start"",""title"":""Statistics Canada: Canada&#039;s national statistical agency"",""error"":""""}]"
CA,Canada,Central Bank Website,https://www.banqueducanada.ca/,OK,HTTP 200,200,https://www.banqueducanada.ca/,2026-09-30T07:31:00+00:00,"[{""http_status"":200,""final_url"":""https://www.banqueducanada.ca/"",""title"":""Banque du Canada"",""error"":""""}]"
CV,Cape Verde,Link,https://ine.cv/en/,OK,HTTP 200,200,https://ine.cv/en/,2026-09-30T07:30:51+00:00,"[{""http_status"":200,""final_url"":""https://ine.cv/en/"",""title"":""INE"",""error"":""""}]"
CV,Cape Verde,Central Bank Website,https://www.bcv.cv/pt/Paginas/Homepage.aspx,OK,HTTP 200,200,https://www.bcv.cv/pt/Paginas/Homepage.aspx,2026-09-30T07:31:08+00:00,"[{""http_status"":200,""final_url"":""https://www.bcv.cv/pt/Paginas/Homepage.aspx"",""title"":""Homepage"",""error"":""""}]"
KY,Cayman Islands,Link,https://www.eso.ky/#2,OK,HTTP 200,200,https://www.eso.ky/#2,2026-09-30T07:31:19+00:00,"[{""http_status"":200,""final_url"":""https://www.eso.ky/#2"",""title"":""The Economics &amp; Statistics Office (ESO) Cayman Islands"",""error"":""""}]"
KY,Cayman Islands,Central Bank Website,https://www.cima.ky/,OK,HTTP 200,200,https://www.cima.ky/,2026-09-30T07:31:15+00:00,"[{""http_status"":200,""final_url"":""https://www.cima.ky/"",""title"":""Monetary, Regulatory and Advisory Body of the Cayman Islands- CIMA"",""error"":""""}]"
CF,Central African Republic,Link,https://icasees.org/,OK,HTTP 200,200,https://www.icasees.org/,2026-09-30T07:30:51+00:00,"[{""http_status"":200,""final_url"":""https://www.icasees.org/"",""title"":""Institut Centrafricain des Statistiques et des Etudes Economiques et Sociales"",""error"":""""}]"
CF,Central African Republic,Central Bank Website,https://www.beac.int/pays/centrafrique/,OK,HTTP 200,200,https://www.beac.int/pays/centrafrique/,2026-09-30T07:31:06+00:00,"[{""http_status"":200,""final_url"":""https://www.beac.int/pays/centrafrique/"",""title"":""Centrafrique - BEAC"",""error"":""""}]"
TD,Chad,Link,https://www.inseed.td/,OK,HTTP 200,200,https://www.inseed.td/,2026-09-30T07:31:25+00:00,"[{""http_status"":200,""final_url"":""https://www.inseed.td/"",""title"":""INSEED - Institut National de la Statistique et des Études Économiques et Démographiques"",""error"":""""}]"
TD,Chad,Microdata,https://chad.opendataforafrica.org/,OK,HTTP 200,200,https://chad.opendataforafrica.org/,2026-09-30T07:30:49+00:00,"[{""http_status"":200,""final_url"":""https://chad.opendataforafrica.org/"",""title"":""Chad Data Portal"",""error"":""""}]"
TD,Chad,Central Bank Website,https://www.beac.int/,OK,HTTP 200,200,https://www.beac.int/,2026-09-30T07:31:08+00:00,"[{""http_status"":200,""final_url"":""https://www.beac.int/"",""title"":""Accueil - BEAC"",""error"":""""}]"
CL,Chile,Link,https://www.ine.cl/,REVIEW,<urlopen error Cross-domain redirect not followed: https://www.ine.gob.cl/>,,https://www.ine.cl/,2026-09-30T07:31:22+00:00,"[{""http_status"":"""",""final_url"":""https://www.ine.cl/"",""title"":"""",""error"":""<urlopen error Cross-domain redirect not followed: https://www.ine.gob.cl/>"",""redirect_target"":""https://www.ine.gob.cl/""}]"
CL,Chile,Microdata,http://bancodatosene.ine.cl/,OK,HTTP 200,200,http://bancodatosene.ine.cl/,2026-09-30T07:30:39+00:00,"[{""http_status"":200,""final_url"":""http://bancodatosene.ine.cl/"",""title"":""Datamart Empleo"",""error"":""""}]"
CL,Chile,Central Bank Website,https://www.bcentral.cl/,OK,HTTP 200,200,https://www.bcentral.cl/,2026-09-30T07:31:02+00:00,"[{""http_status"":200,""final_url"":""https://www.bcentral.cl/"",""title"":"""",""error"":""""}]"
CL,Chile,GIS/Geospatial data,https://www.ine.cl/herramientas/portal-de-mapas,REVIEW,<urlopen error Cross-domain redirect not followed: https://www.ine.gob.cl/herramientas/portal-de-mapas>,,https://www.ine.cl/herramientas/portal-de-mapas,2026-09-30T07:31:22+00:00,"[{""http_status"":"""",""final_url"":""https://www.ine.cl/herramientas/portal-de-mapas"",""title"":"""",""error"":""<urlopen error Cross-domain redirect not followed: https://www.ine.gob.cl/herramientas/portal-de-mapas>"",""redirect_target"":""https://www.ine.gob.cl/herramientas/portal-de-mapas""}]"
CN,China,Link,http://www.stats.gov.cn/english/,UNVERIFIED,<urlopen error [SSL: CERTIFICATE_VERIFY_FAILED] certificate verify failed: self-signed certificate in certificate chain (_ssl.c:1010)>,,http://www.stats.gov.cn/english/,2026-09-30T07:30:48+00:00,"[{""http_status"":"""",""final_url"":""http://www.stats.gov.cn/english/"",""title"":"""",""error"":""<urlopen error [SSL: CERTIFICATE_VERIFY_FAILED] certificate verify failed: self-signed certificate in certificate chain (_ssl.c:1010)>"",""dns_error"":false},{""http_status"":"""",""final_url"":""http://www.stats.gov.cn/english/"",""title"":"""",""error"":""<urlopen error [SSL: CERTIFICATE_VERIFY_FAILED] certificate verify failed: self-signed certificate in certificate chain (_ssl.c:1010)>"",""dns_error"":false}]"
CN,China,Central Bank Website,http://www.pbc.gov.cn/en/3688006/index.html,UNVERIFIED,<urlopen error [SSL: CERTIFICATE_VERIFY_FAILED] certificate verify failed: self-signed certificate in certificate chain (_ssl.c:1010)>,,http://www.pbc.gov.cn/en/3688006/index.html,2026-09-30T07:30:46+00:00,"[{""http_status"":"""",""final_url"":""http://www.pbc.gov.cn/en/3688006/index.html"",""title"":"""",""error"":""<urlopen error [SSL: CERTIFICATE_VERIFY_FAILED] certificate verify failed: self-signed certificate in certificate chain (_ssl.c:1010)>"",""dns_error"":false},{""http_status"":"""",""final_url"":""http://www.pbc.gov.cn/en/3688006/index.html"",""title"":"""",""error"":""<urlopen error [SSL: CERTIFICATE_VERIFY_FAILED] certificate verify failed: self-signed certificate in certificate chain (_ssl.c:1010)>"",""dns_error"":false}]"
CX,Christmas Island,Link,https://www.infrastructure.gov.au/territories-regions-cities/territories/indian-ocean-territories/christmas-island/census-data,UNVERIFIED,The read operation timed out,,https://www.infrastructure.gov.au/territories-regions-cities/territories/indian-ocean-territories/christmas-island/census-data,2026-09-30T07:31:54+00:00,"[{""http_status"":"""",""final_url"":""https://www.infrastructure.gov.au/territories-regions-cities/territories/indian-ocean-territories/christmas-island/census-data"",""title"":"""",""error"":""The read operation timed out"",""dns_error"":false},{""http_status"":"""",""final_url"":""https://www.infrastructure.gov.au/territories-regions-cities/territories/indian-ocean-territories/christmas-island/census-data"",""title"":"""",""error"":""The read operation timed out"",""dns_error"":false}]"
CC,Cocos Islands,Link,https://www.infrastructure.gov.au/territories-regions-cities/territories/indian-ocean-territories/cocos-keeling-islands/census-data,UNVERIFIED,The read operation timed out,,https://www.infrastructure.gov.au/territories-regions-cities/territories/indian-ocean-territories/cocos-keeling-islands/census-data,2026-09-30T07:31:55+00:00,"[{""http_status"":"""",""final_url"":""https://www.infrastructure.gov.au/territories-regions-cities/territories/indian-ocean-territories/cocos-keeling-islands/census-data"",""title"":"""",""error"":""The read operation timed out"",""dns_error"":false},{""http_status"":"""",""final_url"":""https://www.infrastructure.gov.au/territories-regions-cities/territories/indian-ocean-territories/cocos-keeling-islands/census-data"",""title"":"""",""error"":""The read operation timed out"",""dns_error"":false}]"
CO,Colombia,Link,https://www.dane.gov.co/index.php,OK,HTTP 200,200,https://www.dane.gov.co/index.php,2026-09-30T07:31:16+00:00,"[{""http_status"":200,""final_url"":""https://www.dane.gov.co/index.php"",""title"":""DANE - Inicio"",""error"":""""}]"
CO,Colombia,Central Bank Website,https://www.banrep.gov.co/en,REVIEW,<urlopen error Cross-domain redirect not followed: https://validate.perfdrive.com/6ed5044a4b4eea326f011ec9c0253c42/?ssa=cb46539a-3935-43fc-9dcd-42807421d8c8&ssb=42788350392&ssc=https%3A%2F%2Fwww.banrep.gov.co%2Fen&ssi=4f42fb08-c473-462b-84f0-4c92936514c4&ssk=support@shieldsquare.com&ssm=57732167650506330100350894682560&ssn=f8c4a807e24b2f8440f2e831fffc43ba1b0b9d639444-35a0-4572-b931da&sso=1a6242eb-378dfe27a8f9138853e70f611f41438c9e0618fd01ac85f0&ssp=42008586191790758535179079076820989&ssq=07657315346154596667653461698289021924996&ssr=MjYwMDo4ODA2OjIxMGE6NDUwMDo1NDBjOjJhYWI6OGMyNDo4NzRk&sst=Mozilla/5.0%20(compatible;%20LinkCheck/1.0)&ssu=&ssv=&ssw=&ssx=eyJfX3V6bWYiOiI3ZjkwMDA5ZDYzOTQ0NC0zNWEwLTQ1NzItYjJlYi0zNzhkZmUyN2E4ZjkxLTE3OTA3NTM0NjEyNDMwLTAwNTc3NDhiODZkYWQwMDUwMWQxMCIsInJkIjoiYmFucmVwLmdvdi5jbyIsInV6bXgiOiI3ZmMwMDBjZTc3Yzc3OS1iZDUwLTRhYmEtOWZmMC05NzRiMzQ3NDAxY2MxLTE3OTA3NTM0NjEyNDMwLTAwNzcyODBkZjVlY2ViNjUxYjQxMCJ9>,,https://www.banrep.gov.co/en,2026-09-30T07:31:00+00:00,"[{""http_status"":"""",""final_url"":""https://www.banrep.gov.co/en"",""title"":"""",""error"":""<urlopen error Cross-domain redirect not followed: https://validate.perfdrive.com/6ed5044a4b4eea326f011ec9c0253c42/?ssa=cb46539a-3935-43fc-9dcd-42807421d8c8&ssb=42788350392&ssc=https%3A%2F%2Fwww.banrep.gov.co%2Fen&ssi=4f42fb08-c473-462b-84f0-4c92936514c4&ssk=support@shieldsquare.com&ssm=57732167650506330100350894682560&ssn=f8c4a807e24b2f8440f2e831fffc43ba1b0b9d639444-35a0-4572-b931da&sso=1a6242eb-378dfe27a8f9138853e70f611f41438c9e0618fd01ac85f0&ssp=42008586191790758535179079076820989&ssq=07657315346154596667653461698289021924996&ssr=MjYwMDo4ODA2OjIxMGE6NDUwMDo1NDBjOjJhYWI6OGMyNDo4NzRk&sst=Mozilla/5.0%20(compatible;%20LinkCheck/1.0)&ssu=&ssv=&ssw=&ssx=eyJfX3V6bWYiOiI3ZjkwMDA5ZDYzOTQ0NC0zNWEwLTQ1NzItYjJlYi0zNzhkZmUyN2E4ZjkxLTE3OTA3NTM0NjEyNDMwLTAwNTc3NDhiODZkYWQwMDUwMWQxMCIsInJkIjoiYmFucmVwLmdvdi5jbyIsInV6bXgiOiI3ZmMwMDBjZTc3Yzc3OS1iZDUwLTRhYmEtOWZmMC05NzRiMzQ3NDAxY2MxLTE3OTA3NTM0NjEyNDMwLTAwNzcyODBkZjVlY2ViNjUxYjQxMCJ9>"",""redirect_target"":""https://validate.perfdrive.com/6ed5044a4b4eea326f011ec9c0253c42/?ssa=cb46539a-3935-43fc-9dcd-42807421d8c8&ssb=42788350392&ssc=https%3A%2F%2Fwww.banrep.gov.co%2Fen&ssi=4f42fb08-c473-462b-84f0-4c92936514c4&ssk=support@shieldsquare.com&ssm=57732167650506330100350894682560&ssn=f8c4a807e24b2f8440f2e831fffc43ba1b0b9d639444-35a0-4572-b931da&sso=1a6242eb-378dfe27a8f9138853e70f611f41438c9e0618fd01ac85f0&ssp=42008586191790758535179079076820989&ssq=07657315346154596667653461698289021924996&ssr=MjYwMDo4ODA2OjIxMGE6NDUwMDo1NDBjOjJhYWI6OGMyNDo4NzRk&sst=Mozilla/5.0%20(compatible;%20LinkCheck/1.0)&ssu=&ssv=&ssw=&ssx=eyJfX3V6bWYiOiI3ZjkwMDA5ZDYzOTQ0NC0zNWEwLTQ1NzItYjJlYi0zNzhkZmUyN2E4ZjkxLTE3OTA3NTM0NjEyNDMwLTAwNTc3NDhiODZkYWQwMDUwMWQxMCIsInJkIjoiYmFucmVwLmdvdi5jbyIsInV6bXgiOiI3ZmMwMDBjZTc3Yzc3OS1iZDUwLTRhYmEtOWZmMC05NzRiMzQ3NDAxY2MxLTE3OTA3NTM0NjEyNDMwLTAwNzcyODBkZjVlY2ViNjUxYjQxMCJ9""}]"
KM,Comoros,Link,http://www.inseed.km/,OK,HTTP 200,200,http://www.inseed.km/,2026-09-30T07:30:42+00:00,"[{""http_status"":200,""final_url"":""http://www.inseed.km/"",""title"":""INSEED | T&eacute;l&eactute;chargement"",""error"":""""}]"
KM,Comoros,Central Bank Website,http://www.banque-comores.km/,OK,HTTP 200,200,https://banque-comores.km/,2026-09-30T07:30:40+00:00,"[{""http_status"":200,""final_url"":""https://banque-comores.km/"",""title"":""Accueil | Banque Centrale des Comores"",""error"":""""}]"
CR,Costa Rica,Link,https://www.inec.cr/,UNVERIFIED,Access blocked or rate limited: HTTP 403,403,https://inec.cr/,2026-09-30T07:31:27+00:00,"[{""http_status"":403,""final_url"":""https://inec.cr/"",""title"":"""",""error"":""HTTP Error 403: Forbidden""},{""http_status"":403,""final_url"":""https://inec.cr/"",""title"":"""",""error"":""HTTP Error 403: Forbidden""}]"
CR,Costa Rica,Central Bank Website,https://www.bccr.fi.cr/SitePages/Inicio.aspx,BROKEN,Repeated HTTP 404,404,https://www.bccr.fi.cr/SitePages/Inicio.aspx,2026-09-30T07:31:03+00:00,"[{""http_status"":404,""final_url"":""https://www.bccr.fi.cr/SitePages/Inicio.aspx"",""title"":"""",""error"":""HTTP Error 404: Not Found""},{""http_status"":404,""final_url"":""https://www.bccr.fi.cr/SitePages/Inicio.aspx"",""title"":"""",""error"":""HTTP Error 404: Not Found""}]"
HR,Croatia,Link,https://www.dzs.hr/,REVIEW,<urlopen error Cross-domain redirect not followed: https://dzs.gov.hr/>,,https://www.dzs.hr/,2026-09-30T07:31:17+00:00,"[{""http_status"":"""",""final_url"":""https://www.dzs.hr/"",""title"":"""",""error"":""<urlopen error Cross-domain redirect not followed: https://dzs.gov.hr/>"",""redirect_target"":""https://dzs.gov.hr/""}]"
HR,Croatia,Data,https://www.dzs.hr/default_e.htm,REVIEW,<urlopen error Cross-domain redirect not followed: https://dzs.gov.hr/default_e.htm>,,https://www.dzs.hr/default_e.htm,2026-09-30T07:31:18+00:00,"[{""http_status"":"""",""final_url"":""https://www.dzs.hr/default_e.htm"",""title"":"""",""error"":""<urlopen error Cross-domain redirect not followed: https://dzs.gov.hr/default_e.htm>"",""redirect_target"":""https://dzs.gov.hr/default_e.htm""}]"
HR,Croatia,Central Bank Website,https://www.hnb.hr/en/,OK,HTTP 200,200,https://www.hnb.hr/en/,2026-09-30T07:31:23+00:00,"[{""http_status"":200,""final_url"":""https://www.hnb.hr/en/"",""title"":""Home"",""error"":""""}]"
CU,Cuba,Link,http://www.onei.gob.cu/,OK,HTTP 200,200,http://www.onei.gob.cu/,2026-09-30T07:30:45+00:00,"[{""http_status"":200,""final_url"":""http://www.onei.gob.cu/"",""title"":""ONEI CUBA"",""error"":""""}]"
CU,Cuba,Central Bank Website,https://www.bc.gob.cu/,OK,HTTP 200,200,https://www.bc.gob.cu/,2026-09-30T07:31:02+00:00,"[{""http_status"":200,""final_url"":""https://www.bc.gob.cu/"",""title"":""Banco Central de Cuba | Sitio oficial"",""error"":""""}]"
CW,Curacao,Link,https://www.cbs.cw/,OK,HTTP 200,200,https://www.cbs.cw/,2026-09-30T07:31:13+00:00,"[{""http_status"":200,""final_url"":""https://www.cbs.cw/"",""title"":""Home | Central Bureau of Statistics Curaçao"",""error"":""""}]"
CW,Curacao,Central Bank Website,https://www.centralbank.cw/,UNVERIFIED,Access blocked or rate limited: HTTP 403,403,https://www.centralbank.cw/,2026-09-30T07:31:15+00:00,"[{""http_status"":403,""final_url"":""https://www.centralbank.cw/"",""title"":"""",""error"":""HTTP Error 403: Forbidden""},{""http_status"":403,""final_url"":""https://www.centralbank.cw/"",""title"":"""",""error"":""HTTP Error 403: Forbidden""}]"
CY,Cyprus,Link,https://www.cystat.gov.cy/el/default?OpenDocument,OK,HTTP 200,200,https://www.cystat.gov.cy/el/default?OpenDocument,2026-09-30T07:31:17+00:00,"[{""http_status"":200,""final_url"":""https://www.cystat.gov.cy/el/default?OpenDocument"",""title"":""Στατιστική Υπηρεσία - Αρχική"",""error"":""""}]"
CY,Cyprus,Central Bank Website,https://www.centralbank.cy/,OK,HTTP 200,200,https://www.centralbank.cy/,2026-09-30T07:31:14+00:00,"[{""http_status"":200,""final_url"":""https://www.centralbank.cy/"",""title"":""Central Bank of Cyprus - Home"",""error"":""""}]"
CZ,Czech Republic,Link,https://www.czso.cz/,REVIEW,<urlopen error Cross-domain redirect not followed: https://csu.gov.cz/>,,https://www.czso.cz/,2026-09-30T07:31:16+00:00,"[{""http_status"":"""",""final_url"":""https://www.czso.cz/"",""title"":"""",""error"":""<urlopen error Cross-domain redirect not followed: https://csu.gov.cz/>"",""redirect_target"":""https://csu.gov.cz/""}]"
CZ,Czech Republic,Data,https://vdb.czso.cz/vdbvo2/faces/en/index.jsf,UNVERIFIED,HTTP 503,503,https://vdb.czso.cz/vdbvo2/faces/en/index.jsf,2026-09-30T07:31:01+00:00,"[{""http_status"":500,""final_url"":""https://vdb.czso.cz/vdbvo2/faces/en/index.jsf"",""title"":"""",""error"":""HTTP Error 500: Internal Server Error""},{""http_status"":503,""final_url"":""https://vdb.czso.cz/vdbvo2/faces/en/index.jsf"",""title"":"""",""error"":""HTTP Error 503: Service Unavailable""}]"
CZ,Czech Republic,Central Bank Website,https://www.cnb.cz/en/,OK,HTTP 200,200,https://www.cnb.cz/en/,2026-09-30T07:31:16+00:00,"[{""http_status"":200,""final_url"":""https://www.cnb.cz/en/"",""title"":""Czech National Bank"",""error"":""""}]"
CD,Democratic Republic of the Congo,Link,https://www.ins.cd/,UNVERIFIED,Repeated DNS resolution failure,,https://www.ins.cd/,2026-09-30T07:31:25+00:00,"[{""http_status"":"""",""final_url"":""https://www.ins.cd/"",""title"":"""",""error"":""<urlopen error [Errno 11001] getaddrinfo failed>"",""dns_error"":true},{""http_status"":"""",""final_url"":""https://www.ins.cd/"",""title"":"""",""error"":""<urlopen error [Errno 11001] getaddrinfo failed>"",""dns_error"":true}]"
CD,Democratic Republic of the Congo,Central Bank Website,http://www.bcc.cd/,OK,HTTP 200,200,https://www.bcc.cd/,2026-09-30T07:30:43+00:00,"[{""http_status"":200,""final_url"":""https://www.bcc.cd/"",""title"":""Banque Centrale du Congo"",""error"":""""}]"
DK,Denmark,Link,https://www.dst.dk/en,OK,HTTP 200,200,https://www.dst.dk/en,2026-09-30T07:31:18+00:00,"[{""http_status"":200,""final_url"":""https://www.dst.dk/en"",""title"":""Statistics Denmark"",""error"":""""}]"
DK,Denmark,Central Bank Website,https://www.nationalbanken.dk/en/Pages/Default.aspx,OK,HTTP 200,200,https://www.nationalbanken.dk/en,2026-09-30T07:31:28+00:00,"[{""http_status"":200,""final_url"":""https://www.nationalbanken.dk/en"",""title"":""Website of Danmarks Nationalbank"",""error"":""""}]"
DJ,Djibouti,Link,http://www.ministere-finances.dj/le_ministere_organstat.html,OK,HTTP 200,200,http://www.ministere-finances.dj/le_ministere_organstat.html,2026-09-30T07:30:42+00:00,"[{""http_status"":200,""final_url"":""http://www.ministere-finances.dj/le_ministere_organstat.html"",""title"":""..::MINISTERE DES FINANCES::.."",""error"":""""}]"
DJ,Djibouti,Central Bank Website,https://banque-centrale.dj/,OK,HTTP 200,200,https://banque-centrale.dj/,2026-09-30T07:30:46+00:00,"[{""http_status"":200,""final_url"":""https://banque-centrale.dj/"",""title"":""BANQUE CENTRALE DE DJIBOUTI &#8211; Garante de la stabilité financière."",""error"":""""}]"
DM,Dominica,Link,https://stats.gov.dm/,OK,HTTP 200,200,https://stats.gov.dm/,2026-09-30T07:30:57+00:00,"[{""http_status"":200,""final_url"":""https://stats.gov.dm/"",""title"":""Central Statistics Office of Dominica &#8211; Commonwealth of Dominica"",""error"":""""}]"
DM,Dominica,Central Bank Website,https://www.eccb-centralbank.org/p/commonwealth-of-dominica,UNVERIFIED,Access blocked or rate limited: HTTP 403,403,https://www.eccb-centralbank.org/p/commonwealth-of-dominica,2026-09-30T07:31:19+00:00,"[{""http_status"":403,""final_url"":""https://www.eccb-centralbank.org/p/commonwealth-of-dominica"",""title"":"""",""error"":""HTTP Error 403: Forbidden""},{""http_status"":403,""final_url"":""https://www.eccb-centralbank.org/p/commonwealth-of-dominica"",""title"":"""",""error"":""HTTP Error 403: Forbidden""}]"
DO,Dominican Republic,Link,https://www.one.gob.do/,UNVERIFIED,Access blocked or rate limited: HTTP 403,403,https://www.one.gob.do/,2026-09-30T07:31:32+00:00,"[{""http_status"":403,""final_url"":""https://www.one.gob.do/"",""title"":"""",""error"":""HTTP Error 403: Forbidden""},{""http_status"":403,""final_url"":""https://www.one.gob.do/"",""title"":"""",""error"":""HTTP Error 403: Forbidden""}]"
DO,Dominican Republic,Data,https://www.one.gob.do/datos-y-estadisticas/,UNVERIFIED,Access blocked or rate limited: HTTP 403,403,https://www.one.gob.do/datos-y-estadisticas/,2026-09-30T07:31:32+00:00,"[{""http_status"":403,""final_url"":""https://www.one.gob.do/datos-y-estadisticas/"",""title"":"""",""error"":""HTTP Error 403: Forbidden""},{""http_status"":403,""final_url"":""https://www.one.gob.do/datos-y-estadisticas/"",""title"":"""",""error"":""HTTP Error 403: Forbidden""}]"
DO,Dominican Republic,Central Bank Website,https://www.bancentral.gov.do/,OK,HTTP 200,200,https://www.bancentral.gov.do/,2026-09-30T07:31:00+00:00,"[{""http_status"":200,""final_url"":""https://www.bancentral.gov.do/"",""title"":""Banco Central de la República Dominicana"",""error"":""""}]"
TL,East Timor,Link,https://www.statistics.gov.tl/,UNVERIFIED,Repeated DNS resolution failure,,https://www.statistics.gov.tl/,2026-09-30T07:31:41+00:00,"[{""http_status"":"""",""final_url"":""https://www.statistics.gov.tl/"",""title"":"""",""error"":""<urlopen error [Errno 11002] getaddrinfo failed>"",""dns_error"":true},{""http_status"":"""",""final_url"":""https://www.statistics.gov.tl/"",""title"":"""",""error"":""<urlopen error [Errno 11002] getaddrinfo failed>"",""dns_error"":true}]"
TL,East Timor,Central Bank Website,https://www.bancocentral.tl/en,OK,HTTP 200,200,https://www.bancocentral.tl/,2026-09-30T07:31:04+00:00,"[{""http_status"":200,""final_url"":""https://www.bancocentral.tl/"",""title"":""BANCO CENTRAL TIMOR-LESTE"",""error"":""""}]"
EC,Ecuador,Link,https://www.ecuadorencifras.gob.ec/institucional/home/,OK,HTTP 200,200,https://www.ecuadorencifras.gob.ec/institucional/home/,2026-09-30T07:31:20+00:00,"[{""http_status"":200,""final_url"":""https://www.ecuadorencifras.gob.ec/institucional/home/"",""title"":""home &#8211; Instituto Nacional de Estadística y Censos"",""error"":""""}]"
EC,Ecuador,Central Bank Website,https://www.bce.fin.ec/en/,OK,HTTP 200,200,https://www.bce.fin.ec/en/,2026-09-30T07:31:04+00:00,"[{""http_status"":200,""final_url"":""https://www.bce.fin.ec/en/"",""title"":""Home - Central Bank of Ecuador"",""error"":""""}]"
EG,Egypt,Link,https://www.capmas.gov.eg/,OK,HTTP 200,200,https://www.capmas.gov.eg/,2026-09-30T07:31:11+00:00,"[{""http_status"":200,""final_url"":""https://www.capmas.gov.eg/"",""title"":""الجهاز المركزي للتعبئة العامة والإحصاء"",""error"":""""}]"
EG,Egypt,Central Bank Website,https://www.cbe.org.eg/en/Pages/default.aspx,OK,HTTP 200,200,https://www.cbe.org.eg/en/Pages/default.aspx,2026-09-30T07:31:12+00:00,"[{""http_status"":200,""final_url"":""https://www.cbe.org.eg/en/Pages/default.aspx"",""title"":""Request Rejected"",""error"":""""}]"
SV,El Salvador,Link,http://www.digestyc.gob.sv/,UNVERIFIED,Repeated DNS resolution failure,,http://www.digestyc.gob.sv/,2026-09-30T07:30:42+00:00,"[{""http_status"":"""",""final_url"":""http://www.digestyc.gob.sv/"",""title"":"""",""error"":""<urlopen error [Errno 11001] getaddrinfo failed>"",""dns_error"":true},{""http_status"":"""",""final_url"":""http://www.digestyc.gob.sv/"",""title"":"""",""error"":""<urlopen error [Errno 11001] getaddrinfo failed>"",""dns_error"":true}]"
SV,El Salvador,Central Bank Website,https://www.bcr.gob.sv/,OK,HTTP 200,200,https://www.bcr.gob.sv/,2026-09-30T07:31:04+00:00,"[{""http_status"":200,""final_url"":""https://www.bcr.gob.sv/"",""title"":""Banco Central de Reserva"",""error"":""""}]"
GQ,Equatorial Guinea,Central Bank Website,http://www.bannge.com/en/,OK,HTTP 200,200,http://www.bannge.com/entrevista-a-la-responsable-de-microfinanzas-de-la-region-insular/,2026-09-30T07:30:42+00:00,"[{""http_status"":200,""final_url"":""http://www.bannge.com/entrevista-a-la-responsable-de-microfinanzas-de-la-region-insular/"",""title"":""Entrevista a la Responsable de Microfinanzas de la Región Insular &#8211; BANGE | Banco Nacional de Guinea Ecuatorial"",""error"":""""}]"
ER,Eritrea,Central Bank Website,http://www.boe.gov.er/,UNVERIFIED,<urlopen error timed out>,,http://www.boe.gov.er/,2026-09-30T07:31:26+00:00,"[{""http_status"":"""",""final_url"":""http://www.boe.gov.er/"",""title"":"""",""error"":""<urlopen error timed out>"",""dns_error"":false},{""http_status"":"""",""final_url"":""http://www.boe.gov.er/"",""title"":"""",""error"":""<urlopen error timed out>"",""dns_error"":false}]"
EE,Estonia,Link,https://www.stat.ee/,OK,HTTP 200,200,https://stat.ee/et,2026-09-30T07:31:38+00:00,"[{""http_status"":200,""final_url"":""https://stat.ee/et"",""title"":""Avaleht | Statistikaamet"",""error"":""""}]"
EE,Estonia,Central Bank Website,https://www.eestipank.ee/,OK,HTTP 200,200,https://www.eestipank.ee/,2026-09-30T07:31:18+00:00,"[{""http_status"":200,""final_url"":""https://www.eestipank.ee/"",""title"":""Eesti Pank"",""error"":""""}]"
ET,Ethiopia,Link,https://www.statsethiopia.gov.et/,UNVERIFIED,Repeated DNS resolution failure,,https://www.statsethiopia.gov.et/,2026-09-30T07:31:42+00:00,"[{""http_status"":"""",""final_url"":""https://www.statsethiopia.gov.et/"",""title"":"""",""error"":""<urlopen error [Errno 11001] getaddrinfo failed>"",""dns_error"":true},{""http_status"":"""",""final_url"":""https://www.statsethiopia.gov.et/"",""title"":"""",""error"":""<urlopen error [Errno 11001] getaddrinfo failed>"",""dns_error"":true}]"
ET,Ethiopia,Central Bank Website,https://nbe.gov.et/,OK,HTTP 200,200,https://nbe.gov.et/,2026-09-30T07:30:54+00:00,"[{""http_status"":200,""final_url"":""https://nbe.gov.et/"",""title"":""Home - National Bank of Ethiopia"",""error"":""""}]"
FK,Falkland Islands,Central Bank Website,https://www.bankofengland.co.uk/,OK,HTTP 200,200,https://www.bankofengland.co.uk/,2026-09-30T07:31:00+00:00,"[{""http_status"":200,""final_url"":""https://www.bankofengland.co.uk/"",""title"":""Home | Bank of England – the UK&#39;s central bank"",""error"":""""}]"
FO,Faroe Islands,Link,https://hagstova.fo/en,OK,HTTP 200,200,https://hagstova.fo/en,2026-09-30T07:30:50+00:00,"[{""http_status"":200,""final_url"":""https://hagstova.fo/en"",""title"":""Heim | Statistics Faroe Islands"",""error"":""""}]"
FO,Faroe Islands,Central Bank Website,https://www.nationalbanken.dk/en/Pages/Default.aspx,OK,HTTP 200,200,https://www.nationalbanken.dk/en,2026-09-30T07:31:28+00:00,"[{""http_status"":200,""final_url"":""https://www.nationalbanken.dk/en"",""title"":""Website of Danmarks Nationalbank"",""error"":""""}]"
FJ,Fiji,Link,https://www.statsfiji.gov.fj/,OK,HTTP 200,200,https://www.statsfiji.gov.fj/,2026-09-30T07:31:43+00:00,"[{""http_status"":200,""final_url"":""https://www.statsfiji.gov.fj/"",""title"":"""",""error"":""""}]"
FJ,Fiji,Central Bank Website,https://www.rbf.gov.fj/,OK,HTTP 200,200,https://www.rbf.gov.fj/,2026-09-30T07:31:34+00:00,"[{""http_status"":200,""final_url"":""https://www.rbf.gov.fj/"",""title"":""Reserve Bank of Fiji"",""error"":""""}]"
FI,Finland,Link,https://www.tilastokeskus.fi/index_en.html,REVIEW,<urlopen error Cross-domain redirect not followed: https://stat.fi/index_en.html>,,https://www.tilastokeskus.fi/index_en.html,2026-09-30T07:31:42+00:00,"[{""http_status"":"""",""final_url"":""https://www.tilastokeskus.fi/index_en.html"",""title"":"""",""error"":""<urlopen error Cross-domain redirect not followed: https://stat.fi/index_en.html>"",""redirect_target"":""https://stat.fi/index_en.html""}]"
FI,Finland,Central Bank Website,https://www.suomenpankki.fi/en/,OK,HTTP 200,200,https://www.suomenpankki.fi/en/,2026-09-30T07:31:42+00:00,"[{""http_status"":200,""final_url"":""https://www.suomenpankki.fi/en/"",""title"":""Bank of Finland&#x27;s web service"",""error"":""""}]"
FR,France,Link,https://www.insee.fr/en/accueil,UNVERIFIED,<urlopen error [WinError 10054] An existing connection was forcibly closed by the remote host>,,https://www.insee.fr/en/accueil,2026-09-30T07:31:45+00:00,"[{""http_status"":"""",""final_url"":""https://www.insee.fr/en/accueil"",""title"":"""",""error"":""<urlopen error [WinError 10054] An existing connection was forcibly closed by the remote host>"",""dns_error"":false},{""http_status"":"""",""final_url"":""https://www.insee.fr/en/accueil"",""title"":"""",""error"":""<urlopen error [WinError 10054] An existing connection was forcibly closed by the remote host>"",""dns_error"":false}]"
FR,France,Central Bank Website,https://www.banque-france.fr/en,OK,HTTP 200,200,https://www.banque-france.fr/en,2026-09-30T07:31:00+00:00,"[{""http_status"":200,""final_url"":""https://www.banque-france.fr/en"",""title"":""Welcome to the Banque de France website | Banque de France"",""error"":""""}]"
PF,French Polynesia,Link,https://www.isee.nc/,OK,HTTP 200,200,https://isee.nc/,2026-09-30T07:31:27+00:00,"[{""http_status"":200,""final_url"":""https://isee.nc/"",""title"":""ISEE Nouvelle-Calédonie | Statistiques officielles, économie et population"",""error"":""""}]"
PF,French Polynesia,Central Bank Website,https://www.ieom.fr/ieom/,OK,HTTP 200,200,https://www.ieom.fr/Nous-connaitre,2026-09-30T07:31:23+00:00,"[{""http_status"":200,""final_url"":""https://www.ieom.fr/Nous-connaitre"",""title"":""IEOM : Présentation et missions"",""error"":""""}]"
GA,Gabon,Link,https://statgabon.ga/,UNVERIFIED,HTTP 503,503,https://statgabon.ga/,2026-09-30T07:30:57+00:00,"[{""http_status"":503,""final_url"":""https://statgabon.ga/"",""title"":"""",""error"":""HTTP Error 503: Service Unavailable""},{""http_status"":503,""final_url"":""https://statgabon.ga/"",""title"":"""",""error"":""HTTP Error 503: Service Unavailable""}]"
GA,Gabon,Central Bank Website,https://www.beac.int/,OK,HTTP 200,200,https://www.beac.int/,2026-09-30T07:31:08+00:00,"[{""http_status"":200,""final_url"":""https://www.beac.int/"",""title"":""Accueil - BEAC"",""error"":""""}]"
GM,Gambia,Link,https://www.gbosdata.org/,OK,HTTP 200,200,https://www.gbosdata.org/,2026-09-30T07:31:19+00:00,"[{""http_status"":200,""final_url"":""https://www.gbosdata.org/"",""title"":""GBoS - Disseminating Impartial, Timely and Accurate Statistics Data"",""error"":""""}]"
GM,Gambia,Central Bank Website,https://www.cbg.gm/,OK,HTTP 200,200,https://www.cbg.gm/,2026-09-30T07:31:12+00:00,"[{""http_status"":200,""final_url"":""https://www.cbg.gm/"",""title"":""Central Bank of The Gambia"",""error"":""""}]"
GE,Georgia,Link,https://www.geostat.ge/index.php/ka,OK,HTTP 200,200,https://www.geostat.ge/index.php/ka,2026-09-30T07:31:20+00:00,"[{""http_status"":200,""final_url"":""https://www.geostat.ge/index.php/ka"",""title"":""საქართველოს სტატისტიკის ეროვნული სამსახური"",""error"":""""}]"
GE,Georgia,Central Bank Website,https://nbg.gov.ge/en,OK,HTTP 200,200,https://nbg.gov.ge/en,2026-09-30T07:30:53+00:00,"[{""http_status"":200,""final_url"":""https://nbg.gov.ge/en"",""title"":""The National Bank of Georgia"",""error"":""""}]"
DE,Germany,Link,https://www.destatis.de/EN/Home/_node.html,UNVERIFIED,<urlopen error [SSL: CERTIFICATE_VERIFY_FAILED] certificate verify failed: unable to get local issuer certificate (_ssl.c:1010)>,,https://www.destatis.de/EN/Home/_node.html,2026-09-30T07:31:18+00:00,"[{""http_status"":"""",""final_url"":""https://www.destatis.de/EN/Home/_node.html"",""title"":"""",""error"":""<urlopen error [SSL: CERTIFICATE_VERIFY_FAILED] certificate verify failed: unable to get local issuer certificate (_ssl.c:1010)>"",""dns_error"":false},{""http_status"":"""",""final_url"":""https://www.destatis.de/EN/Home/_node.html"",""title"":"""",""error"":""<urlopen error [SSL: CERTIFICATE_VERIFY_FAILED] certificate verify failed: unable to get local issuer certificate (_ssl.c:1010)>"",""dns_error"":false}]"
DE,Germany,Central Bank Website,https://www.bundesbank.de/de/,UNVERIFIED,<urlopen error [SSL: CERTIFICATE_VERIFY_FAILED] certificate verify failed: unable to get local issuer certificate (_ssl.c:1010)>,,https://www.bundesbank.de/de/,2026-09-30T07:31:12+00:00,"[{""http_status"":"""",""final_url"":""https://www.bundesbank.de/de/"",""title"":"""",""error"":""<urlopen error [SSL: CERTIFICATE_VERIFY_FAILED] certificate verify failed: unable to get local issuer certificate (_ssl.c:1010)>"",""dns_error"":false},{""http_status"":"""",""final_url"":""https://www.bundesbank.de/de/"",""title"":"""",""error"":""<urlopen error [SSL: CERTIFICATE_VERIFY_FAILED] certificate verify failed: unable to get local issuer certificate (_ssl.c:1010)>"",""dns_error"":false}]"
GH,Ghana,Link,http://www.statsghana.gov.gh/,OK,HTTP 200,200,http://www.statsghana.gov.gh/,2026-09-30T07:30:45+00:00,"[{""http_status"":200,""final_url"":""http://www.statsghana.gov.gh/"",""title"":""Ghana Statistical Service"",""error"":""""}]"
GH,Ghana,Central Bank Website,https://www.bog.gov.gh/,UNVERIFIED,<urlopen error _ssl.c:993: The handshake operation timed out>,,https://www.bog.gov.gh/,2026-09-30T07:31:37+00:00,"[{""http_status"":"""",""final_url"":""https://www.bog.gov.gh/"",""title"":"""",""error"":""<urlopen error _ssl.c:993: The handshake operation timed out>"",""dns_error"":false},{""http_status"":"""",""final_url"":""https://www.bog.gov.gh/"",""title"":"""",""error"":""<urlopen error _ssl.c:993: The handshake operation timed out>"",""dns_error"":false}]"
GI,Gibraltar,Link,https://www.gibraltar.gov.gi/statistics,OK,HTTP 200,200,https://www.gibraltar.gov.gi/statistics,2026-09-30T07:31:21+00:00,"[{""http_status"":200,""final_url"":""https://www.gibraltar.gov.gi/statistics"",""title"":""Statistics"",""error"":""""}]"
GI,Gibraltar,Central Bank Website,https://www.fsc.gi/,UNVERIFIED,Access blocked or rate limited: HTTP 403,403,https://www.fsc.gi/,2026-09-30T07:31:20+00:00,"[{""http_status"":403,""final_url"":""https://www.fsc.gi/"",""title"":"""",""error"":""HTTP Error 403: Forbidden""},{""http_status"":403,""final_url"":""https://www.fsc.gi/"",""title"":"""",""error"":""HTTP Error 403: Forbidden""}]"
GR,Greece,Link,https://www.statistics.gr/,OK,HTTP 200,200,https://www.statistics.gr/,2026-09-30T07:31:41+00:00,"[{""http_status"":200,""final_url"":""https://www.statistics.gr/"",""title"":""Κεντρική Σελίδα ΕΛΣΤΑΤ - ELSTAT"",""error"":""""}]"
GR,Greece,Central Bank Website,https://www.bankofgreece.gr/,UNVERIFIED,Access blocked or rate limited: HTTP 403,403,https://www.bankofgreece.gr/,2026-09-30T07:31:01+00:00,"[{""http_status"":403,""final_url"":""https://www.bankofgreece.gr/"",""title"":"""",""error"":""HTTP Error 403: Forbidden""},{""http_status"":403,""final_url"":""https://www.bankofgreece.gr/"",""title"":"""",""error"":""HTTP Error 403: Forbidden""}]"
GL,Greenland,Link,https://stat.gl/,OK,HTTP 200,200,https://stat.gl/,2026-09-30T07:30:54+00:00,"[{""http_status"":200,""final_url"":""https://stat.gl/"",""title"":""Gr&oslash;nlands Statistik"",""error"":""""}]"
GL,Greenland,Central Bank Website,https://www.nationalbanken.dk/en/Pages/Default.aspx,OK,HTTP 200,200,https://www.nationalbanken.dk/en,2026-09-30T07:31:28+00:00,"[{""http_status"":200,""final_url"":""https://www.nationalbanken.dk/en"",""title"":""Website of Danmarks Nationalbank"",""error"":""""}]"
GD,Grenada,Link,https://www.finance.gd/index.php/central-statistics-office,BROKEN,Repeated HTTP 404,404,https://www.finance.gd/index.php/central-statistics-office,2026-09-30T07:31:20+00:00,"[{""http_status"":404,""final_url"":""https://www.finance.gd/index.php/central-statistics-office"",""title"":"""",""error"":""HTTP Error 404: Not Found""},{""http_status"":404,""final_url"":""https://www.finance.gd/index.php/central-statistics-office"",""title"":"""",""error"":""HTTP Error 404: Not Found""}]"
GD,Grenada,Central Bank Website,https://www.eccb-centralbank.org/p/grenada,UNVERIFIED,Access blocked or rate limited: HTTP 403,403,https://www.eccb-centralbank.org/p/grenada,2026-09-30T07:31:19+00:00,"[{""http_status"":403,""final_url"":""https://www.eccb-centralbank.org/p/grenada"",""title"":"""",""error"":""HTTP Error 403: Forbidden""},{""http_status"":403,""final_url"":""https://www.eccb-centralbank.org/p/grenada"",""title"":"""",""error"":""HTTP Error 403: Forbidden""}]"
GU,Guam,Link,https://bsp.guam.gov/,OK,HTTP 200,200,https://bsp.guam.gov/,2026-09-30T07:30:49+00:00,"[{""http_status"":200,""final_url"":""https://bsp.guam.gov/"",""title"":""The Bureau of Statistics and Plans Guam | The Bureau of Statistics and Plans’ mission is to build a better Guam through statistical insights and data driven planning."",""error"":""""}]"
GU,Guam,Central Bank Website,https://www.federalreserve.gov/,OK,HTTP 200,200,https://www.federalreserve.gov/,2026-09-30T07:31:19+00:00,"[{""http_status"":200,""final_url"":""https://www.federalreserve.gov/"",""title"":""Federal Reserve Board - Home"",""error"":""""}]"
GT,Guatemala,Link,https://www.ine.gob.gt/ine/,REVIEW,<urlopen error Cross-domain redirect not followed: https://validate.perfdrive.com/?ssa=ec32c200-276f-437d-8d8a-1ac2addc7411&ssb=71774252594&ssc=https%3A%2F%2Fwww.ine.gob.gt%2Fine%2F&ssi=e2d5fb12-ddf6-4191-b260-f781a078ef37&ssk=botmanager_support@radware.com&ssm=33549996973415567103334554035233&ssn=b641e81bc16f2dd27acd5cd159a5ed74f661e7714ac0-f9ea-43be-89d4e0&sso=aaf771f2-7517f2a535b48046b4ed28920c55d577b5fa8cc1942e6c78&ssp=34544166271790759647179071775862843&ssq=09374315348202807164453482605146710768090&ssr=OTguMTY5Ljk4LjIzMQ==&sst=Mozilla/5.0%20(compatible;%20LinkCheck/1.0)&ssu=&ssv=&ssw=&ssx=eyJfX3V6bWYiOiI3ZjkwMDBlNzcxNGFjMC1mOWVhLTQzYmUtODFmMi03NTE3ZjJhNTM1YjQxLTE3OTA3NTM0ODI4NjkwLTAwNDM0YjI1YTUyYTkwYWZhOTQxMCIsInV6bXgiOiI3ZmMwMDA2ZDY4NmY0ZS1jM2I0LTRhMzUtOTg1NC1kZTk2Y2QzMTY3NjcxLTE3OTA3NTM0ODI4NjgwLTAwNzFhYTg0ZjlkY2RhZDBmNjExMCIsInJkIjoiaW5lLmdvYi5ndCJ9>,,https://www.ine.gob.gt/ine/,2026-09-30T07:31:22+00:00,"[{""http_status"":"""",""final_url"":""https://www.ine.gob.gt/ine/"",""title"":"""",""error"":""<urlopen error Cross-domain redirect not followed: https://validate.perfdrive.com/?ssa=ec32c200-276f-437d-8d8a-1ac2addc7411&ssb=71774252594&ssc=https%3A%2F%2Fwww.ine.gob.gt%2Fine%2F&ssi=e2d5fb12-ddf6-4191-b260-f781a078ef37&ssk=botmanager_support@radware.com&ssm=33549996973415567103334554035233&ssn=b641e81bc16f2dd27acd5cd159a5ed74f661e7714ac0-f9ea-43be-89d4e0&sso=aaf771f2-7517f2a535b48046b4ed28920c55d577b5fa8cc1942e6c78&ssp=34544166271790759647179071775862843&ssq=09374315348202807164453482605146710768090&ssr=OTguMTY5Ljk4LjIzMQ==&sst=Mozilla/5.0%20(compatible;%20LinkCheck/1.0)&ssu=&ssv=&ssw=&ssx=eyJfX3V6bWYiOiI3ZjkwMDBlNzcxNGFjMC1mOWVhLTQzYmUtODFmMi03NTE3ZjJhNTM1YjQxLTE3OTA3NTM0ODI4NjkwLTAwNDM0YjI1YTUyYTkwYWZhOTQxMCIsInV6bXgiOiI3ZmMwMDA2ZDY4NmY0ZS1jM2I0LTRhMzUtOTg1NC1kZTk2Y2QzMTY3NjcxLTE3OTA3NTM0ODI4NjgwLTAwNzFhYTg0ZjlkY2RhZDBmNjExMCIsInJkIjoiaW5lLmdvYi5ndCJ9>"",""redirect_target"":""https://validate.perfdrive.com/?ssa=ec32c200-276f-437d-8d8a-1ac2addc7411&ssb=71774252594&ssc=https%3A%2F%2Fwww.ine.gob.gt%2Fine%2F&ssi=e2d5fb12-ddf6-4191-b260-f781a078ef37&ssk=botmanager_support@radware.com&ssm=33549996973415567103334554035233&ssn=b641e81bc16f2dd27acd5cd159a5ed74f661e7714ac0-f9ea-43be-89d4e0&sso=aaf771f2-7517f2a535b48046b4ed28920c55d577b5fa8cc1942e6c78&ssp=34544166271790759647179071775862843&ssq=09374315348202807164453482605146710768090&ssr=OTguMTY5Ljk4LjIzMQ==&sst=Mozilla/5.0%20(compatible;%20LinkCheck/1.0)&ssu=&ssv=&ssw=&ssx=eyJfX3V6bWYiOiI3ZjkwMDBlNzcxNGFjMC1mOWVhLTQzYmUtODFmMi03NTE3ZjJhNTM1YjQxLTE3OTA3NTM0ODI4NjkwLTAwNDM0YjI1YTUyYTkwYWZhOTQxMCIsInV6bXgiOiI3ZmMwMDA2ZDY4NmY0ZS1jM2I0LTRhMzUtOTg1NC1kZTk2Y2QzMTY3NjcxLTE3OTA3NTM0ODI4NjgwLTAwNzFhYTg0ZjlkY2RhZDBmNjExMCIsInJkIjoiaW5lLmdvYi5ndCJ9""}]"
GT,Guatemala,Central Bank Website,http://www.banguat.gob.gt/en/,OK,HTTP 200,200,https://www.banguat.gob.gt/en,2026-09-30T07:30:40+00:00,"[{""http_status"":200,""final_url"":""https://www.banguat.gob.gt/en"",""title"":""Banco de Guatemala"",""error"":""""}]"
GG,Guernsey,Link,https://www.gov.gg/data,OK,HTTP 200,200,https://www.gov.gg/data,2026-09-30T07:31:21+00:00,"[{""http_status"":200,""final_url"":""https://www.gov.gg/data"",""title"":""Facts &amp; Figures - States of Guernsey"",""error"":""""}]"
GG,Guernsey,Microdata,https://www.gov.gg/data#selectednavItem154881,OK,HTTP 200,200,https://www.gov.gg/data#selectednavItem154881,2026-09-30T07:31:21+00:00,"[{""http_status"":200,""final_url"":""https://www.gov.gg/data#selectednavItem154881"",""title"":""Facts &amp; Figures - States of Guernsey"",""error"":""""}]"
GN,Guinea,Link,https://www.stat-guinee.org/,OK,HTTP 200,200,https://www.stat-guinee.org/,2026-09-30T07:31:38+00:00,"[{""http_status"":200,""final_url"":""https://www.stat-guinee.org/"",""title"":""Institut National de la Statistique"",""error"":""""}]"
GN,Guinea,Central Bank Website,https://www.bcrg-guinee.org/,OK,HTTP 200,200,https://www.bcrg-guinee.org/,2026-09-30T07:31:03+00:00,"[{""http_status"":200,""final_url"":""https://www.bcrg-guinee.org/"",""title"":""BCRG &#8211; Banque Centrale de la République de Guinée"",""error"":""""}]"
GW,Guinea-Bissau,Link,https://www.stat-guinebissau.com/,OK,HTTP 200,200,https://www.stat-guinebissau.com/,2026-09-30T07:31:37+00:00,"[{""http_status"":200,""final_url"":""https://www.stat-guinebissau.com/"",""title"":""Página Inícial - Instituto Nacional de Estatística da Guine-Bissau"",""error"":""""}]"
GW,Guinea-Bissau,Central Bank Website,http://www.bceao.int/,REVIEW,Original HTTP URL failed; HTTPS alternative responds,,http://www.bceao.int/,2026-09-30T07:30:41+00:00,"[{""http_status"":"""",""final_url"":""http://www.bceao.int/"",""title"":"""",""error"":""<urlopen error [Errno 11001] getaddrinfo failed>"",""dns_error"":true},{""http_status"":"""",""final_url"":""http://www.bceao.int/"",""title"":"""",""error"":""<urlopen error [Errno 11001] getaddrinfo failed>"",""dns_error"":true},{""http_status"":200,""final_url"":""https://www.bceao.int/"",""title"":""BCEAO | Banque Centrale des Etats de l’Afrique de l’Ouest"",""error"":""""}]"
GY,Guyana,Link,http://www.statisticsguyana.gov.gy/,OK,HTTP 200,200,https://statisticsguyana.gov.gy/,2026-09-30T07:30:45+00:00,"[{""http_status"":200,""final_url"":""https://statisticsguyana.gov.gy/"",""title"":""Home - Bureau of Statistics"",""error"":""""}]"
GY,Guyana,Central Bank Website,https://bankofguyana.org.gy/bog/,OK,HTTP 200,200,https://bankofguyana.org.gy/bog3/,2026-09-30T07:30:46+00:00,"[{""http_status"":200,""final_url"":""https://bankofguyana.org.gy/bog3/"",""title"":""Home"",""error"":""""}]"
HT,Haiti,Link,https://ihsi.ayiti.digital/,UNVERIFIED,<urlopen error [SSL: CERTIFICATE_VERIFY_FAILED] certificate verify failed: certificate has expired (_ssl.c:1010)>,,https://ihsi.ayiti.digital/,2026-09-30T07:30:52+00:00,"[{""http_status"":"""",""final_url"":""https://ihsi.ayiti.digital/"",""title"":"""",""error"":""<urlopen error [SSL: CERTIFICATE_VERIFY_FAILED] certificate verify failed: certificate has expired (_ssl.c:1010)>"",""dns_error"":false},{""http_status"":"""",""final_url"":""https://ihsi.ayiti.digital/"",""title"":"""",""error"":""<urlopen error [SSL: CERTIFICATE_VERIFY_FAILED] certificate verify failed: certificate has expired (_ssl.c:1010)>"",""dns_error"":false}]"
HT,Haiti,Central Bank Website,https://www.brh.ht/,OK,HTTP 200,200,https://www.brh.ht/,2026-09-30T07:31:11+00:00,"[{""http_status"":200,""final_url"":""https://www.brh.ht/"",""title"":""Banque de la République d&#039;Haïti | BRH"",""error"":""""}]"
HN,Honduras,Link,https://www.ine.gob.hn/V3/,BROKEN,Repeated HTTP 404,404,https://ine.gob.hn/V3/,2026-09-30T07:31:24+00:00,"[{""http_status"":404,""final_url"":""https://ine.gob.hn/V3/"",""title"":"""",""error"":""HTTP Error 404: Not Found""},{""http_status"":404,""final_url"":""https://ine.gob.hn/V3/"",""title"":"""",""error"":""HTTP Error 404: Not Found""}]"
HN,Honduras,Data,https://www.ine.gob.hn/V3/baseine/,BROKEN,Repeated HTTP 404,404,https://ine.gob.hn/V3/baseine/,2026-09-30T07:31:24+00:00,"[{""http_status"":404,""final_url"":""https://ine.gob.hn/V3/baseine/"",""title"":"""",""error"":""HTTP Error 404: Not Found""},{""http_status"":404,""final_url"":""https://ine.gob.hn/V3/baseine/"",""title"":"""",""error"":""HTTP Error 404: Not Found""}]"
HN,Honduras,Central Bank Website,https://www.bch.hn/,OK,HTTP 200,200,https://www.bch.hn/,2026-09-30T07:31:03+00:00,"[{""http_status"":200,""final_url"":""https://www.bch.hn/"",""title"":""Banco Central de Honduras Inicio"",""error"":""""}]"
HK,Hong Kong,Link,https://www.censtatd.gov.hk/en/,OK,HTTP 200,200,https://www.censtatd.gov.hk/en/,2026-09-30T07:31:14+00:00,"[{""http_status"":200,""final_url"":""https://www.censtatd.gov.hk/en/"",""title"":""Census and Statistics Department"",""error"":""""}]"
HK,Hong Kong,Central Bank Website,https://www.hkma.gov.hk/eng,OK,HTTP 200,200,https://www.hkma.gov.hk/eng,2026-09-30T07:31:22+00:00,"[{""http_status"":200,""final_url"":""https://www.hkma.gov.hk/eng"",""title"":""Hong Kong Monetary Authority"",""error"":""""}]"
HU,Hungary,Link,https://www.ksh.hu/?lang=en,UNVERIFIED,<urlopen error [SSL: CERTIFICATE_VERIFY_FAILED] certificate verify failed: self-signed certificate in certificate chain (_ssl.c:1010)>,,https://www.ksh.hu/?lang=en,2026-09-30T07:31:27+00:00,"[{""http_status"":"""",""final_url"":""https://www.ksh.hu/?lang=en"",""title"":"""",""error"":""<urlopen error [SSL: CERTIFICATE_VERIFY_FAILED] certificate verify failed: self-signed certificate in certificate chain (_ssl.c:1010)>"",""dns_error"":false},{""http_status"":"""",""final_url"":""https://www.ksh.hu/?lang=en"",""title"":"""",""error"":""<urlopen error [SSL: CERTIFICATE_VERIFY_FAILED] certificate verify failed: self-signed certificate in certificate chain (_ssl.c:1010)>"",""dns_error"":false}]"
HU,Hungary,Central Bank Website,https://www.mnb.hu/web/en,UNVERIFIED,<urlopen error [SSL: CERTIFICATE_VERIFY_FAILED] certificate verify failed: unable to get local issuer certificate (_ssl.c:1010)>,,https://www.mnb.hu/web/en,2026-09-30T07:31:28+00:00,"[{""http_status"":"""",""final_url"":""https://www.mnb.hu/web/en"",""title"":"""",""error"":""<urlopen error [SSL: CERTIFICATE_VERIFY_FAILED] certificate verify failed: unable to get local issuer certificate (_ssl.c:1010)>"",""dns_error"":false},{""http_status"":"""",""final_url"":""https://www.mnb.hu/web/en"",""title"":"""",""error"":""<urlopen error [SSL: CERTIFICATE_VERIFY_FAILED] certificate verify failed: unable to get local issuer certificate (_ssl.c:1010)>"",""dns_error"":false}]"
IS,Iceland,Link,https://www.statice.is/,OK,HTTP 200,200,https://www.statice.is/,2026-09-30T07:31:39+00:00,"[{""http_status"":200,""final_url"":""https://www.statice.is/"",""title"":""Statistics Iceland - Frontpage"",""error"":""""}]"
IS,Iceland,Central Bank Website,https://www.cb.is/,OK,HTTP 200,200,https://cb.is/,2026-09-30T07:31:12+00:00,"[{""http_status"":200,""final_url"":""https://cb.is/"",""title"":""Central Bank of Iceland | Frontpage"",""error"":""""}]"
IN,India,Link,https://www.mospi.gov.in/,OK,HTTP 200,200,https://www.mospi.gov.in/,2026-09-30T07:31:28+00:00,"[{""http_status"":200,""final_url"":""https://www.mospi.gov.in/"",""title"":""Ministry of Statistics and Program Implementation | Government Of India"",""error"":""""}]"
IN,India,Microdata,http://microdata.gov.in/nada43/index.php/home,SOURCE VERIFIED,Official/recognized catalog identified; direct HTTP check not performed,Not tested,http://microdata.gov.in/nada43/index.php/home,2026-09-30T07:31:13+00:00,Official source verified; direct HTTP check not performed
IN,India,Central Bank Website,https://www.rbi.org.in/,OK,HTTP 200,200,https://www.rbi.org.in/,2026-09-30T07:31:34+00:00,"[{""http_status"":200,""final_url"":""https://www.rbi.org.in/"",""title"":""Home | Official website of Reserve Bank of India"",""error"":""""}]"
ID,Indonesia,Link,https://www.bps.go.id/,UNVERIFIED,Access blocked or rate limited: HTTP 403,403,https://www.bps.go.id/,2026-09-30T07:31:10+00:00,"[{""http_status"":403,""final_url"":""https://www.bps.go.id/"",""title"":"""",""error"":""HTTP Error 403: Forbidden""},{""http_status"":403,""final_url"":""https://www.bps.go.id/"",""title"":"""",""error"":""HTTP Error 403: Forbidden""}]"
ID,Indonesia,Central Bank Website,https://www.bi.go.id/id/default.aspx,OK,HTTP 200,200,https://www.bi.go.id/id/default.aspx,2026-09-30T07:31:24+00:00,"[{""http_status"":"""",""final_url"":""https://www.bi.go.id/id/default.aspx"",""title"":"""",""error"":""The read operation timed out"",""dns_error"":false},{""http_status"":200,""final_url"":""https://www.bi.go.id/id/default.aspx"",""title"":""Bank Indonesia"",""error"":""""}]"
IR,Iran,Link,https://www.amar.org.ir/english,UNVERIFIED,<urlopen error [SSL: UNEXPECTED_EOF_WHILE_READING] EOF occurred in violation of protocol (_ssl.c:1010)>,,https://www.amar.org.ir/english,2026-09-30T07:30:59+00:00,"[{""http_status"":"""",""final_url"":""https://www.amar.org.ir/english"",""title"":"""",""error"":""<urlopen error [SSL: UNEXPECTED_EOF_WHILE_READING] EOF occurred in violation of protocol (_ssl.c:1010)>"",""dns_error"":false},{""http_status"":"""",""final_url"":""https://www.amar.org.ir/english"",""title"":"""",""error"":""<urlopen error [SSL: UNEXPECTED_EOF_WHILE_READING] EOF occurred in violation of protocol (_ssl.c:1010)>"",""dns_error"":false}]"
IR,Iran,Central Bank Website,https://www.cbi.ir/default_en.aspx,OK,HTTP 200,200,https://www.cbi.ir/default_en.aspx,2026-09-30T07:31:19+00:00,"[{""http_status"":200,""final_url"":""https://www.cbi.ir/default_en.aspx"",""title"":""Home"",""error"":""""}]"
IQ,Iraq,Link,http://cosit.gov.iq/en/,BROKEN,Repeated HTTP 404,404,https://cosit.gov.iq/ar/en,2026-09-30T07:30:44+00:00,"[{""http_status"":404,""final_url"":""https://cosit.gov.iq/ar/en"",""title"":"""",""error"":""HTTP Error 404: Not Found""},{""http_status"":404,""final_url"":""https://cosit.gov.iq/ar/en"",""title"":"""",""error"":""HTTP Error 404: Not Found""}]"
IQ,Iraq,Central Bank Website,https://cbiraq.org/,UNVERIFIED,<urlopen error timed out>,,https://cbiraq.org/,2026-09-30T07:31:18+00:00,"[{""http_status"":"""",""final_url"":""https://cbiraq.org/"",""title"":"""",""error"":""<urlopen error timed out>"",""dns_error"":false},{""http_status"":"""",""final_url"":""https://cbiraq.org/"",""title"":"""",""error"":""<urlopen error timed out>"",""dns_error"":false}]"
IE,Ireland,Link,https://www.cso.ie/en/index.html,OK,HTTP 200,200,https://www.cso.ie/en/index.html,2026-09-30T07:31:16+00:00,"[{""http_status"":200,""final_url"":""https://www.cso.ie/en/index.html"",""title"":""Home - CSO - Central Statistics Office"",""error"":""""}]"
IE,Ireland,Central Bank Website,https://www.centralbank.ie/,OK,HTTP 200,200,https://www.centralbank.ie/,2026-09-30T07:31:15+00:00,"[{""http_status"":200,""final_url"":""https://www.centralbank.ie/"",""title"":""Home | Central Bank of Ireland"",""error"":""""}]"
IM,Isle of Man,Link,https://www.gov.im/about-the-government/departments/cabinet-office/economic-affairs-division/,OK,HTTP 200,200,https://www.gov.im/about-the-government/departments/cabinet-office/economic-affairs-division/,2026-09-30T07:31:20+00:00,"[{""http_status"":200,""final_url"":""https://www.gov.im/about-the-government/departments/cabinet-office/economic-affairs-division/"",""title"":""Request Rejected"",""error"":""""}]"
IL,Israel,Link,https://www.cbs.gov.il/en/Pages/default.aspx,OK,HTTP 200,200,https://www.cbs.gov.il/en/Pages/default.aspx,2026-09-30T07:31:14+00:00,"[{""http_status"":200,""final_url"":""https://www.cbs.gov.il/en/Pages/default.aspx"",""title"":""CBS Site"",""error"":""""}]"
IL,Israel,Central Bank Website,https://www.boi.org.il/en/Pages/Default.aspx,BROKEN,Repeated HTTP 404,404,https://www.boi.org.il/en/Pages/Default.aspx,2026-09-30T07:31:09+00:00,"[{""http_status"":404,""final_url"":""https://www.boi.org.il/en/Pages/Default.aspx"",""title"":"""",""error"":""HTTP Error 404: Not Found""},{""http_status"":404,""final_url"":""https://www.boi.org.il/en/Pages/Default.aspx"",""title"":"""",""error"":""HTTP Error 404: Not Found""}]"
IT,Italy,Link,https://www.istat.it/en/,OK,HTTP 200,200,https://www.istat.it/en/,2026-09-30T07:31:26+00:00,"[{""http_status"":200,""final_url"":""https://www.istat.it/en/"",""title"":""Istat"",""error"":""""}]"
IT,Italy,Central Bank Website,"https://www.bancaditalia.it/chi-siamo/?com.dotmarketing.htmlpage.language=1#:~:text=The%20Bank%20of%20Italy%20is,and%20the%20European%20Central%20Bank.",OK,HTTP 200,200,"https://www.bancaditalia.it/chi-siamo/?com.dotmarketing.htmlpage.language=1#:~:text=The%20Bank%20of%20Italy%20is,and%20the%20European%20Central%20Bank.",2026-09-30T07:31:00+00:00,"[{""http_status"":200,""final_url"":""https://www.bancaditalia.it/chi-siamo/?com.dotmarketing.htmlpage.language=1#:~:text=The%20Bank%20of%20Italy%20is,and%20the%20European%20Central%20Bank."",""title"":""Banca d&rsquo;Italia - About Us"",""error"":""""}]"
CI,Ivory Coast,Link,http://www.ins.ci/,OK,HTTP 200,200,http://www.ins.ci/,2026-09-30T07:30:42+00:00,"[{""http_status"":200,""final_url"":""http://www.ins.ci/"",""title"":"""",""error"":""""}]"
CI,Ivory Coast,Central Bank Website,https://www.bceao.int/index.php/en,OK,HTTP 200,200,https://www.bceao.int/index.php/en,2026-09-30T07:31:02+00:00,"[{""http_status"":200,""final_url"":""https://www.bceao.int/index.php/en"",""title"":""BCEAO | Banque Centrale des Etats de l’Afrique de l’Ouest"",""error"":""""}]"
JM,Jamaica,Link,https://statinja.gov.jm/,OK,HTTP 200,200,https://statinja.gov.jm/,2026-09-30T07:30:55+00:00,"[{""http_status"":200,""final_url"":""https://statinja.gov.jm/"",""title"":""STATIN"",""error"":""""}]"
JM,Jamaica,Central Bank Website,https://boj.org.jm/,OK,HTTP 200,200,https://boj.org.jm/,2026-09-30T07:30:48+00:00,"[{""http_status"":200,""final_url"":""https://boj.org.jm/"",""title"":""Bank of Jamaica Website &#187; Bank of Jamaica"",""error"":""""}]"
JP,Japan,Link,https://www.stat.go.jp/english/,OK,HTTP 200,200,https://www.stat.go.jp/english/,2026-09-30T07:31:38+00:00,"[{""http_status"":200,""final_url"":""https://www.stat.go.jp/english/"",""title"":""Statistics Bureau Home Page"",""error"":""""}]"
JP,Japan,Central Bank Website,https://www.boj.or.jp/en/index.htm/,OK,HTTP 200,200,https://www.boj.or.jp/en/index.htm,2026-09-30T07:31:08+00:00,"[{""http_status"":200,""final_url"":""https://www.boj.or.jp/en/index.htm"",""title"":""Home : 日本銀行 Bank of Japan"",""error"":""""}]"
JE,Jersey,Link,https://www.gov.je/Government/JerseyInFigures/Pages/index.aspx,BROKEN,Repeated HTTP 404,404,https://www.gov.je/Government/JerseyInFigures/Pages/index.aspx,2026-09-30T07:31:23+00:00,"[{""http_status"":404,""final_url"":""https://www.gov.je/Government/JerseyInFigures/Pages/index.aspx"",""title"":"""",""error"":""HTTP Error 404: Not Found""},{""http_status"":404,""final_url"":""https://www.gov.je/Government/JerseyInFigures/Pages/index.aspx"",""title"":"""",""error"":""HTTP Error 404: Not Found""}]"
JE,Jersey,Central Bank Website,https://www.jerseyfsc.org/,UNVERIFIED,Access blocked or rate limited: HTTP 403,403,https://www.jerseyfsc.org/,2026-09-30T07:31:27+00:00,"[{""http_status"":403,""final_url"":""https://www.jerseyfsc.org/"",""title"":"""",""error"":""HTTP Error 403: Forbidden""},{""http_status"":403,""final_url"":""https://www.jerseyfsc.org/"",""title"":"""",""error"":""HTTP Error 403: Forbidden""}]"
JO,Jordan,Link,http://dosweb.dos.gov.jo/,OK,HTTP 200,200,https://dosweb.dos.gov.jo/,2026-09-30T07:30:51+00:00,"[{""http_status"":200,""final_url"":""https://dosweb.dos.gov.jo/"",""title"":""Department of Statistics Jordan - Home"",""error"":""""}]"
JO,Jordan,Central Bank Website,https://www.cbj.gov.jo/,OK,HTTP 200,200,https://www.cbj.gov.jo/Default/Ar,2026-09-30T07:31:21+00:00,"[{""http_status"":200,""final_url"":""https://www.cbj.gov.jo/Default/Ar"",""title"":""الصفحة الرئيسية - البنك المركزي الاردني"",""error"":""""}]"
KZ,Kazakhstan,Link,https://www.gov.kz/memleket/entities/stat?lang=en,OK,HTTP 200,200,https://www.gov.kz/memleket/entities/stat?lang=en,2026-09-30T07:31:20+00:00,"[{""http_status"":200,""final_url"":""https://www.gov.kz/memleket/entities/stat?lang=en"",""title"":""GOV.KZ - Единая платформа цифровых ресурсов государственных органов (ЕПЦР ГО)"",""error"":""""}]"
KZ,Kazakhstan,Central Bank Website,https://www.nationalbank.kz/kz,OK,HTTP 200,200,https://nationalbank.kz/kz,2026-09-30T07:31:29+00:00,"[{""http_status"":200,""final_url"":""https://nationalbank.kz/kz"",""title"":""Қазақстан Ұлттық Банкі"",""error"":""""}]"
KE,Kenya,Link,https://www.knbs.or.ke/,OK,HTTP 200,200,https://www.knbs.or.ke/,2026-09-30T07:31:27+00:00,"[{""http_status"":200,""final_url"":""https://www.knbs.or.ke/"",""title"":""Kenya National Bureau of Statistics - Kenya&#039;s Top Data Site"",""error"":""""}]"
KE,Kenya,Microdata,https://statistics.knbs.or.ke/nada/index.php/home,OK,HTTP 200,200,https://statistics.knbs.or.ke/nada/index.php/home,2026-09-30T07:30:56+00:00,"[{""http_status"":200,""final_url"":""https://statistics.knbs.or.ke/nada/index.php/home"",""title"":""Home"",""error"":""""}]"
KE,Kenya,Central Bank Website,https://www.centralbank.go.ke/,OK,HTTP 200,200,https://www.centralbank.go.ke/,2026-09-30T07:31:14+00:00,"[{""http_status"":200,""final_url"":""https://www.centralbank.go.ke/"",""title"":""CBK | Central Bank of Kenya"",""error"":""""}]"
KI,Kiribati,Link,https://nso.gov.ki/,OK,HTTP 200,200,https://nso.gov.ki/,2026-09-30T07:30:55+00:00,"[{""http_status"":200,""final_url"":""https://nso.gov.ki/"",""title"":""Kiribati National Statistics Office | Kiribati Statistics Census and Surveys"",""error"":""""}]"
KI,Kiribati,Central Bank Website,https://www.rba.gov.au/,OK,HTTP 200,200,https://www.rba.gov.au/,2026-09-30T07:31:32+00:00,"[{""http_status"":200,""final_url"":""https://www.rba.gov.au/"",""title"":""Reserve Bank of Australia"",""error"":""""}]"
XK,Kosovo,Link,https://ask.rks-gov.net/en/kosovo-agency-of-statistics,BROKEN,Repeated HTTP 404,404,https://ask.rks-gov.net/en/kosovo-agency-of-statistics,2026-09-30T07:30:47+00:00,"[{""http_status"":404,""final_url"":""https://ask.rks-gov.net/en/kosovo-agency-of-statistics"",""title"":"""",""error"":""HTTP Error 404: Not Found""},{""http_status"":404,""final_url"":""https://ask.rks-gov.net/en/kosovo-agency-of-statistics"",""title"":"""",""error"":""HTTP Error 404: Not Found""}]"
XK,Kosovo,Central Bank Website,https://bqk-kos.org/?lang=en,OK,HTTP 200,200,https://bqk-kos.org/?lang=en,2026-09-30T07:30:47+00:00,"[{""http_status"":200,""final_url"":""https://bqk-kos.org/?lang=en"",""title"":""Homepage - BQK"",""error"":""""}]"
KW,Kuwait,Link,https://www.csb.gov.kw/Default_en,OK,HTTP 200,200,https://www.csb.gov.kw/Default_en,2026-09-30T07:31:16+00:00,"[{""http_status"":200,""final_url"":""https://www.csb.gov.kw/Default_en"",""title"":""Home - Central Statistical Bureau"",""error"":""""}]"
KW,Kuwait,Central Bank Website,https://www.cbk.gov.kw/en,OK,HTTP 200,200,https://www.cbk.gov.kw/en,2026-09-30T07:31:14+00:00,"[{""http_status"":200,""final_url"":""https://www.cbk.gov.kw/en"",""title"":""Central Bank of Kuwait: Home"",""error"":""""}]"
KG,Kyrgyzstan,Link,http://www.stat.kg/en/,REVIEW,<urlopen error Cross-domain redirect not followed: http://www.stat.gov.kg/en/>,,http://www.stat.kg/en/,2026-09-30T07:30:45+00:00,"[{""http_status"":"""",""final_url"":""http://www.stat.kg/en/"",""title"":"""",""error"":""<urlopen error Cross-domain redirect not followed: http://www.stat.gov.kg/en/>"",""redirect_target"":""http://www.stat.gov.kg/en/""}]"
KG,Kyrgyzstan,Central Bank Website,https://www.nbkr.kg/,OK,HTTP 200,200,https://www.nbkr.kg/,2026-09-30T07:31:29+00:00,"[{""http_status"":200,""final_url"":""https://www.nbkr.kg/"",""title"":""Кыргыз Республикасынын Улуттук банкы"",""error"":""""}]"
LA,Laos,Link,https://www.mpi.gov.la/frontend/web/index.php?r=site%2Fcategory&id=23&post_id=168&language=en-US,UNVERIFIED,Repeated DNS resolution failure,,https://www.mpi.gov.la/frontend/web/index.php?r=site%2Fcategory&id=23&post_id=168&language=en-US,2026-09-30T07:31:28+00:00,"[{""http_status"":"""",""final_url"":""https://www.mpi.gov.la/frontend/web/index.php?r=site%2Fcategory&id=23&post_id=168&language=en-US"",""title"":"""",""error"":""<urlopen error [Errno 11001] getaddrinfo failed>"",""dns_error"":true},{""http_status"":"""",""final_url"":""https://www.mpi.gov.la/frontend/web/index.php?r=site%2Fcategory&id=23&post_id=168&language=en-US"",""title"":"""",""error"":""<urlopen error [Errno 11001] getaddrinfo failed>"",""dns_error"":true}]"
LA,Laos,Central Bank Website,https://www.bol.gov.la/en/index,UNVERIFIED,<urlopen error [SSL: CERTIFICATE_VERIFY_FAILED] certificate verify failed: unable to get local issuer certificate (_ssl.c:1010)>,,https://www.bol.gov.la/en/index,2026-09-30T07:31:11+00:00,"[{""http_status"":"""",""final_url"":""https://www.bol.gov.la/en/index"",""title"":"""",""error"":""<urlopen error [SSL: CERTIFICATE_VERIFY_FAILED] certificate verify failed: unable to get local issuer certificate (_ssl.c:1010)>"",""dns_error"":false},{""http_status"":"""",""final_url"":""https://www.bol.gov.la/en/index"",""title"":"""",""error"":""<urlopen error [SSL: CERTIFICATE_VERIFY_FAILED] certificate verify failed: unable to get local issuer certificate (_ssl.c:1010)>"",""dns_error"":false}]"
LV,Latvia,Link,https://stat.gov.lv/en,OK,HTTP 200,200,https://stat.gov.lv/en,2026-09-30T07:30:54+00:00,"[{""http_status"":200,""final_url"":""https://stat.gov.lv/en"",""title"":""Official statistics portal"",""error"":""""}]"
LV,Latvia,Central Bank Website,https://www.bank.lv/,OK,HTTP 200,200,https://www.bank.lv/,2026-09-30T07:31:00+00:00,"[{""http_status"":200,""final_url"":""https://www.bank.lv/"",""title"":""Latvijas Banka | Latvijas Banka"",""error"":""""}]"
LB,Lebanon,Link,http://www.cas.gov.lb/,OK,HTTP 200,200,https://www.cas.gov.lb/,2026-09-30T07:30:41+00:00,"[{""http_status"":200,""final_url"":""https://www.cas.gov.lb/"",""title"":""cas.gov.lb"",""error"":""""}]"
LB,Lebanon,Central Bank Website,https://www.bdl.gov.lb/,UNVERIFIED,Access blocked or rate limited: HTTP 403,403,https://www.bdl.gov.lb/,2026-09-30T07:31:05+00:00,"[{""http_status"":403,""final_url"":""https://www.bdl.gov.lb/"",""title"":"""",""error"":""HTTP Error 403: Forbidden""},{""http_status"":403,""final_url"":""https://www.bdl.gov.lb/"",""title"":"""",""error"":""HTTP Error 403: Forbidden""}]"
LS,Lesotho,Link,https://www.bos.gov.ls/,OK,HTTP 200,200,https://www.bos.gov.ls/,2026-09-30T07:31:09+00:00,"[{""http_status"":200,""final_url"":""https://www.bos.gov.ls/"",""title"":""Lesotho Bureau of Statistics | Official Website"",""error"":""""}]"
LS,Lesotho,Central Bank Website,https://www.centralbank.org.ls/,UNVERIFIED,"<urlopen error [SSL: CERTIFICATE_VERIFY_FAILED] certificate verify failed: Hostname mismatch, certificate is not valid for 'www.centralbank.org.ls'. (_ssl.c:1010)>",,https://www.centralbank.org.ls/,2026-09-30T07:31:17+00:00,"[{""http_status"":"""",""final_url"":""https://www.centralbank.org.ls/"",""title"":"""",""error"":""<urlopen error [SSL: CERTIFICATE_VERIFY_FAILED] certificate verify failed: Hostname mismatch, certificate is not valid for 'www.centralbank.org.ls'. (_ssl.c:1010)>"",""dns_error"":false},{""http_status"":"""",""final_url"":""https://www.centralbank.org.ls/"",""title"":"""",""error"":""<urlopen error [SSL: CERTIFICATE_VERIFY_FAILED] certificate verify failed: Hostname mismatch, certificate is not valid for 'www.centralbank.org.ls'. (_ssl.c:1010)>"",""dns_error"":false}]"
LR,Liberia,Central Bank Website,https://public.cbl.org.lr/,OK,HTTP 200,200,https://public.cbl.org.lr/,2026-09-30T07:30:53+00:00,"[{""http_status"":200,""final_url"":""https://public.cbl.org.lr/"",""title"":"""",""error"":""""}]"
LY,Libya,Link,https://www.bsc.ly/,OK,HTTP 200,200,https://bsc.ly/,2026-09-30T07:31:13+00:00,"[{""http_status"":200,""final_url"":""https://bsc.ly/"",""title"":""مصلحة الإحصاء والتعداد"",""error"":""""}]"
LY,Libya,Central Bank Website,https://cbl.gov.ly/en/,OK,HTTP 200,200,https://cbl.gov.ly/en/,2026-09-30T07:30:47+00:00,"[{""http_status"":200,""final_url"":""https://cbl.gov.ly/en/"",""title"":""The Central Bank of Libya - The Central Bank of Libya"",""error"":""""}]"
LI,Liechtenstein,Link,https://www.llv.li/inhalt/11480/amtsstellen/amt-fur-statistik,UNVERIFIED,Access blocked or rate limited: HTTP 403,403,https://www.llv.li/inhalt/11480/amtsstellen/amt-fur-statistik,2026-09-30T07:31:27+00:00,"[{""http_status"":403,""final_url"":""https://www.llv.li/inhalt/11480/amtsstellen/amt-fur-statistik"",""title"":"""",""error"":""HTTP Error 403: Forbidden""},{""http_status"":403,""final_url"":""https://www.llv.li/inhalt/11480/amtsstellen/amt-fur-statistik"",""title"":"""",""error"":""HTTP Error 403: Forbidden""}]"
LI,Liechtenstein,Data,http://etab.llv.li/PXWeb/pxweb/en/eTab/?rxid=a4cb8296-58ac-4452-821a-0c587794da64,REVIEW,Original HTTP URL failed; HTTPS alternative responds,,http://etab.llv.li/PXWeb/pxweb/en/eTab/?rxid=a4cb8296-58ac-4452-821a-0c587794da64,2026-09-30T07:31:11+00:00,"[{""http_status"":"""",""final_url"":""http://etab.llv.li/PXWeb/pxweb/en/eTab/?rxid=a4cb8296-58ac-4452-821a-0c587794da64"",""title"":"""",""error"":""<urlopen error timed out>"",""dns_error"":false},{""http_status"":"""",""final_url"":""http://etab.llv.li/PXWeb/pxweb/en/eTab/?rxid=a4cb8296-58ac-4452-821a-0c587794da64"",""title"":"""",""error"":""<urlopen error timed out>"",""dns_error"":false},{""http_status"":200,""final_url"":""https://etab.llv.li/PXWeb/pxweb/en/eTab/?rxid=a4cb8296-58ac-4452-821a-0c587794da64"",""title"":""PX-Web - Select table"",""error"":""""}]"
LI,Liechtenstein,Central Bank Website,https://www.snb.ch/en/,OK,HTTP 200,200,https://www.snb.ch/en/,2026-09-30T07:31:37+00:00,"[{""http_status"":200,""final_url"":""https://www.snb.ch/en/"",""title"":""SNB BNS"",""error"":""""}]"
LT,Lithuania,Link,https://www.stat.gov.lt/en,REVIEW,<urlopen error Cross-domain redirect not followed: https://vda.lrv.lt/>,,https://www.stat.gov.lt/en,2026-09-30T07:31:38+00:00,"[{""http_status"":"""",""final_url"":""https://www.stat.gov.lt/en"",""title"":"""",""error"":""<urlopen error Cross-domain redirect not followed: https://vda.lrv.lt/>"",""redirect_target"":""https://vda.lrv.lt/""}]"
LT,Lithuania,Microdata,https://osp.stat.gov.lt/viesos-duomenu-rinkmenos,UNVERIFIED,Access blocked or rate limited: HTTP 403,403,https://osp.stat.gov.lt/viesos-duomenu-rinkmenos,2026-09-30T07:30:54+00:00,"[{""http_status"":403,""final_url"":""https://osp.stat.gov.lt/viesos-duomenu-rinkmenos"",""title"":"""",""error"":""HTTP Error 403: Forbidden""},{""http_status"":403,""final_url"":""https://osp.stat.gov.lt/viesos-duomenu-rinkmenos"",""title"":"""",""error"":""HTTP Error 403: Forbidden""}]"
LT,Lithuania,Central Bank Website,https://www.lb.lt/en/,UNVERIFIED,Access blocked or rate limited: HTTP 403,403,https://www.lb.lt/en/,2026-09-30T07:31:27+00:00,"[{""http_status"":403,""final_url"":""https://www.lb.lt/en/"",""title"":"""",""error"":""HTTP Error 403: Forbidden""},{""http_status"":403,""final_url"":""https://www.lb.lt/en/"",""title"":"""",""error"":""HTTP Error 403: Forbidden""}]"
LU,Luxembourg,Link,https://statistiques.public.lu/en/,OK,HTTP 200,200,https://statistiques.public.lu/en.html,2026-09-30T07:30:56+00:00,"[{""http_status"":200,""final_url"":""https://statistiques.public.lu/en.html"",""title"":""Statistics Portal - Luxembourg"",""error"":""""}]"
LU,Luxembourg,Central Bank Website,https://www.bcl.lu/en/,OK,HTTP 200,200,https://www.bcl.lu/en/,2026-09-30T07:31:03+00:00,"[{""http_status"":200,""final_url"":""https://www.bcl.lu/en/"",""title"":""Banque centrale du Luxembourg - English"",""error"":""""}]"
MO,Macau,Link,https://www.dsec.gov.mo/en-US/,OK,HTTP 200,200,https://www.dsec.gov.mo/en-US/,2026-09-30T07:31:19+00:00,"[{""http_status"":200,""final_url"":""https://www.dsec.gov.mo/en-US/"",""title"":""Home Page -- Statistics and Census Service"",""error"":""""}]"
MO,Macau,Central Bank Website,https://www.amcm.gov.mo/en,OK,HTTP 200,200,https://www.amcm.gov.mo/en,2026-09-30T07:30:58+00:00,"[{""http_status"":200,""final_url"":""https://www.amcm.gov.mo/en"",""title"":""AMCM"",""error"":""""}]"
MK,Macedonia,Link,http://www.stat.gov.mk/,OK,HTTP 200,200,https://www.stat.gov.mk/,2026-09-30T07:30:45+00:00,"[{""http_status"":200,""final_url"":""https://www.stat.gov.mk/"",""title"":""Архива - Државен завод за статистика"",""error"":""""}]"
MK,Macedonia,Central Bank Website,https://www.nbrm.mk/pocetna-en.nspx,UNVERIFIED,Access blocked or rate limited: HTTP 403,403,https://www.nbrm.mk/pocetna-en.nspx,2026-09-30T07:31:29+00:00,"[{""http_status"":403,""final_url"":""https://www.nbrm.mk/pocetna-en.nspx"",""title"":"""",""error"":""HTTP Error 403: Forbidden""},{""http_status"":403,""final_url"":""https://www.nbrm.mk/pocetna-en.nspx"",""title"":"""",""error"":""HTTP Error 403: Forbidden""}]"
MG,Madagascar,Link,https://www.instat.mg/,OK,HTTP 200,200,https://www.instat.mg/,2026-09-30T07:31:26+00:00,"[{""http_status"":200,""final_url"":""https://www.instat.mg/"",""title"":""INSTAT Madagascar - Institut National de la Statistique"",""error"":""""}]"
MG,Madagascar,Central Bank Website,https://www.banky-foibe.mg/,OK,HTTP 200,200,https://www.banky-foibe.mg/,2026-09-30T07:31:01+00:00,"[{""http_status"":200,""final_url"":""https://www.banky-foibe.mg/"",""title"":""Banky Foiben'i Madagasikara"",""error"":""""}]"
MW,Malawi,Link,http://www.nsomalawi.mw/,OK,HTTP 200,200,https://www.nsomalawi.mw/,2026-09-30T07:30:45+00:00,"[{""http_status"":200,""final_url"":""https://www.nsomalawi.mw/"",""title"":""Home - National Statistical Officer"",""error"":""""}]"
MW,Malawi,Central Bank Website,https://www.rbm.mw/,OK,HTTP 200,200,https://www.rbm.mw/,2026-09-30T07:31:34+00:00,"[{""http_status"":200,""final_url"":""https://www.rbm.mw/"",""title"":""Reserve Bank of Malawi"",""error"":""""}]"
MY,Malaysia,Link,https://www.dosm.gov.my/v1/,UNVERIFIED,Access blocked or rate limited: HTTP 403,403,https://www.dosm.gov.my/v1/,2026-09-30T07:31:19+00:00,"[{""http_status"":403,""final_url"":""https://www.dosm.gov.my/v1/"",""title"":"""",""error"":""HTTP Error 403: Forbidden""},{""http_status"":403,""final_url"":""https://www.dosm.gov.my/v1/"",""title"":"""",""error"":""HTTP Error 403: Forbidden""}]"
MY,Malaysia,Central Bank Website,https://www.bnm.gov.my/,UNVERIFIED,Access blocked or rate limited: HTTP 403,403,https://www.bnm.gov.my/,2026-09-30T07:31:07+00:00,"[{""http_status"":403,""final_url"":""https://www.bnm.gov.my/"",""title"":"""",""error"":""HTTP Error 403: Forbidden""},{""http_status"":403,""final_url"":""https://www.bnm.gov.my/"",""title"":"""",""error"":""HTTP Error 403: Forbidden""}]"
MV,Maldives,Link,https://statisticsmaldives.gov.mv/,OK,HTTP 200,200,https://statisticsmaldives.gov.mv/,2026-09-30T07:30:57+00:00,"[{""http_status"":200,""final_url"":""https://statisticsmaldives.gov.mv/"",""title"":""Maldives Bureau of Statistics"",""error"":""""}]"
MV,Maldives,Central Bank Website,https://www.mma.gov.mv/,OK,HTTP 200,200,https://www.mma.gov.mv/,2026-09-30T07:31:27+00:00,"[{""http_status"":200,""final_url"":""https://www.mma.gov.mv/"",""title"":""Maldives Monetary Authority - Central Bank of Maldives"",""error"":""""}]"
ML,Mali,Link,https://www.instat-mali.org/fr,OK,HTTP 200,200,https://www.instat-mali.org/fr,2026-09-30T07:31:28+00:00,"[{""http_status"":200,""final_url"":""https://www.instat-mali.org/fr"",""title"":""Institut National de la Statistique du Mali | INSTAT"",""error"":""""}]"
ML,Mali,Central Bank Website,http://www.bceao.int/,REVIEW,Original HTTP URL failed; HTTPS alternative responds,,http://www.bceao.int/,2026-09-30T07:30:41+00:00,"[{""http_status"":"""",""final_url"":""http://www.bceao.int/"",""title"":"""",""error"":""<urlopen error [Errno 11001] getaddrinfo failed>"",""dns_error"":true},{""http_status"":"""",""final_url"":""http://www.bceao.int/"",""title"":"""",""error"":""<urlopen error [Errno 11001] getaddrinfo failed>"",""dns_error"":true},{""http_status"":200,""final_url"":""https://www.bceao.int/"",""title"":""BCEAO | Banque Centrale des Etats de l’Afrique de l’Ouest"",""error"":""""}]"
MT,Malta,Link,https://nso.gov.mt/en/Pages/NSO-Home.aspx,UNVERIFIED,Access blocked or rate limited: HTTP 403,403,https://nso.gov.mt/en/Pages/NSO-Home.aspx,2026-09-30T07:30:53+00:00,"[{""http_status"":403,""final_url"":""https://nso.gov.mt/en/Pages/NSO-Home.aspx"",""title"":"""",""error"":""HTTP Error 403: Forbidden""},{""http_status"":403,""final_url"":""https://nso.gov.mt/en/Pages/NSO-Home.aspx"",""title"":"""",""error"":""HTTP Error 403: Forbidden""}]"
MT,Malta,Central Bank Website,https://www.centralbankmalta.org/,UNVERIFIED,Access blocked or rate limited: HTTP 403,403,https://www.centralbankmalta.org/,2026-09-30T07:31:16+00:00,"[{""http_status"":403,""final_url"":""https://www.centralbankmalta.org/"",""title"":"""",""error"":""HTTP Error 403: Forbidden""},{""http_status"":403,""final_url"":""https://www.centralbankmalta.org/"",""title"":"""",""error"":""HTTP Error 403: Forbidden""}]"
MH,Marshall Islands,Link,"https://www.rmieppso.org/#:~:text=About%20Economic%20Policy%2C%20Planning%20and,Evaluation%20%26%20Aid%20Co%2Dordination.",OK,HTTP 200,200,https://rmieppso.org/,2026-09-30T07:31:36+00:00,"[{""http_status"":200,""final_url"":""https://rmieppso.org/"",""title"":""Economic Policy, Planning and Statistics Office &#8211; EPPSO"",""error"":""""}]"
MH,Marshall Islands,Central Bank Website,https://www.federalreserve.gov/,OK,HTTP 200,200,https://www.federalreserve.gov/,2026-09-30T07:31:19+00:00,"[{""http_status"":200,""final_url"":""https://www.federalreserve.gov/"",""title"":""Federal Reserve Board - Home"",""error"":""""}]"
MR,Mauritania,Link,https://ansade.mr/fr/,OK,HTTP 200,200,https://ansade.mr/fr/,2026-09-30T07:30:45+00:00,"[{""http_status"":200,""final_url"":""https://ansade.mr/fr/"",""title"":""ANSADE - Agence Nationale de la Statistique et de la Démographie"",""error"":""""}]"
MR,Mauritania,Data,https://mauritania.opendataforafrica.org/,OK,HTTP 200,200,https://mauritania.opendataforafrica.org/,2026-09-30T07:30:51+00:00,"[{""http_status"":200,""final_url"":""https://mauritania.opendataforafrica.org/"",""title"":""Mauritania Data Portal"",""error"":""""}]"
MR,Mauritania,Central Bank Website,https://www.bcm.mr/,OK,HTTP 200,200,https://www.bcm.mr/,2026-09-30T07:31:03+00:00,"[{""http_status"":200,""final_url"":""https://www.bcm.mr/"",""title"":""Banque Centrale de Mauritanie"",""error"":""""}]"
MU,Mauritius,Link,https://statsmauritius.govmu.org/SitePages/Index.aspx,OK,HTTP 200,200,https://statsmauritius.govmu.org/SitePages/Index.aspx,2026-09-30T07:30:59+00:00,"[{""http_status"":200,""final_url"":""https://statsmauritius.govmu.org/SitePages/Index.aspx"",""title"":""Index"",""error"":""""}]"
MU,Mauritius,Central Bank Website,https://www.bom.mu/,OK,HTTP 200,200,https://www.bom.mu/,2026-09-30T07:31:10+00:00,"[{""http_status"":200,""final_url"":""https://www.bom.mu/"",""title"":""Bank of Mauritius |"",""error"":""""}]"
YT,Mayotte,Link,https://www.insee.fr/en/accueil,UNVERIFIED,<urlopen error [WinError 10054] An existing connection was forcibly closed by the remote host>,,https://www.insee.fr/en/accueil,2026-09-30T07:31:45+00:00,"[{""http_status"":"""",""final_url"":""https://www.insee.fr/en/accueil"",""title"":"""",""error"":""<urlopen error [WinError 10054] An existing connection was forcibly closed by the remote host>"",""dns_error"":false},{""http_status"":"""",""final_url"":""https://www.insee.fr/en/accueil"",""title"":"""",""error"":""<urlopen error [WinError 10054] An existing connection was forcibly closed by the remote host>"",""dns_error"":false}]"
YT,Mayotte,Central Bank Website,https://www.banque-france.fr/en/banque-de-france/about-banque-de-france/bank-locations/mayotte-en,BROKEN,Repeated HTTP 404,404,https://www.banque-france.fr/en/banque-de-france/about-banque-de-france/bank-locations/mayotte-en,2026-09-30T07:31:02+00:00,"[{""http_status"":404,""final_url"":""https://www.banque-france.fr/en/banque-de-france/about-banque-de-france/bank-locations/mayotte-en"",""title"":"""",""error"":""HTTP Error 404: Not Found""},{""http_status"":404,""final_url"":""https://www.banque-france.fr/en/banque-de-france/about-banque-de-france/bank-locations/mayotte-en"",""title"":"""",""error"":""HTTP Error 404: Not Found""}]"
MX,Mexico,Link,https://en.www.inegi.org.mx/,OK,HTTP 200,200,https://en.www.inegi.org.mx/,2026-09-30T07:30:49+00:00,"[{""http_status"":200,""final_url"":""https://en.www.inegi.org.mx/"",""title"":""National Institute of Statistics and Geography (INEGI)"",""error"":""""}]"
MX,Mexico,Central Bank Website,https://www.banxico.org.mx/indexen.html,OK,HTTP 200,200,https://www.banxico.org.mx/indexen.html,2026-09-30T07:31:01+00:00,"[{""http_status"":200,""final_url"":""https://www.banxico.org.mx/indexen.html"",""title"":""Banxico, central bank, Banco de M�xico"",""error"":""""}]"
FM,Micronesia,Link,https://www.fsmstatistics.fm/,UNVERIFIED,<urlopen error [SSL: CERTIFICATE_VERIFY_FAILED] certificate verify failed: certificate has expired (_ssl.c:1010)>,,https://www.fsmstatistics.fm/,2026-09-30T07:31:21+00:00,"[{""http_status"":"""",""final_url"":""https://www.fsmstatistics.fm/"",""title"":"""",""error"":""<urlopen error [SSL: CERTIFICATE_VERIFY_FAILED] certificate verify failed: certificate has expired (_ssl.c:1010)>"",""dns_error"":false},{""http_status"":"""",""final_url"":""https://www.fsmstatistics.fm/"",""title"":"""",""error"":""<urlopen error [SSL: CERTIFICATE_VERIFY_FAILED] certificate verify failed: certificate has expired (_ssl.c:1010)>"",""dns_error"":false}]"
FM,Micronesia,Central Bank Website,https://www.federalreserve.gov/,OK,HTTP 200,200,https://www.federalreserve.gov/,2026-09-30T07:31:19+00:00,"[{""http_status"":200,""final_url"":""https://www.federalreserve.gov/"",""title"":""Federal Reserve Board - Home"",""error"":""""}]"
MD,Moldova,Link,https://statistica.gov.md/index.php?l=en,OK,HTTP 200,200,https://statistica.gov.md/index.php/ro?l=en,2026-09-30T07:30:59+00:00,"[{""http_status"":200,""final_url"":""https://statistica.gov.md/index.php/ro?l=en"",""title"":""Biroul Național de Statistică al Republicii Moldova"",""error"":""""}]"
MD,Moldova,Central Bank Website,https://www.bnm.md/en/m/search,OK,HTTP 200,200,https://www.bnm.md/en/m/search,2026-09-30T07:31:07+00:00,"[{""http_status"":200,""final_url"":""https://www.bnm.md/en/m/search"",""title"":""| National Bank of Moldova"",""error"":""""}]"
MC,Monaco,Link,https://www.monacostatistics.mc/,REVIEW,<urlopen error Cross-domain redirect not followed: https://imsee.mc/en>,,https://www.monacostatistics.mc/,2026-09-30T07:31:27+00:00,"[{""http_status"":"""",""final_url"":""https://www.monacostatistics.mc/"",""title"":"""",""error"":""<urlopen error Cross-domain redirect not followed: https://imsee.mc/en>"",""redirect_target"":""https://imsee.mc/en""}]"
MC,Monaco,Central Bank Website,https://www.ecb.europa.eu/home/html/index.en.html,OK,HTTP 200,200,https://www.ecb.europa.eu/home/html/index.en.html,2026-09-30T07:31:18+00:00,"[{""http_status"":200,""final_url"":""https://www.ecb.europa.eu/home/html/index.en.html"",""title"":""European Central Bank"",""error"":""""}]"
MN,Mongolia,Link,https://en.nso.mn/home,OK,HTTP 200,200,https://en.nso.mn/home,2026-09-30T07:30:50+00:00,"[{""http_status"":200,""final_url"":""https://en.nso.mn/home"",""title"":""МОНГОЛ УЛСЫН ҮНДЭСНИЙ СТАТИСТИКИЙН ХОРОО"",""error"":""""}]"
MN,Mongolia,Central Bank Website,https://www.mongolbank.mn//,REVIEW,"Possible error, parked domain, or bot challenge: 404 - Хуудас олдсонгүй",200,https://www.mongolbank.mn//,2026-09-30T07:31:28+00:00,"[{""http_status"":200,""final_url"":""https://www.mongolbank.mn//"",""title"":""404 - Хуудас олдсонгүй"",""error"":""""}]"
ME,Montenegro,Link,https://www.monstat.org/eng/,OK,HTTP 200,200,https://www.monstat.org/eng/,2026-09-30T07:31:27+00:00,"[{""http_status"":200,""final_url"":""https://www.monstat.org/eng/"",""title"":""MONSTAT | UPRAVA ZA STATISTKU"",""error"":""""}]"
ME,Montenegro,Central Bank Website,https://www.cbcg.me/en,OK,HTTP 200,200,https://www.cbcg.me/en,2026-09-30T07:31:13+00:00,"[{""http_status"":200,""final_url"":""https://www.cbcg.me/en"",""title"":""CBCG"",""error"":""""}]"
MS,Montserrat,Link,https://www.gov.ms/government/ministries/ministry-of-finance-economic-management/statistics-department/,OK,HTTP 200,200,https://www.gov.ms/government/ministries/ministry-of-finance-economic-management/statistics-department/,2026-09-30T07:31:20+00:00,"[{""http_status"":200,""final_url"":""https://www.gov.ms/government/ministries/ministry-of-finance-economic-management/statistics-department/"",""title"":""Statistics Department - Government of Montserrat"",""error"":""""}]"
MS,Montserrat,Central Bank Website,https://www.eccb-centralbank.org/p/montserrat,UNVERIFIED,Access blocked or rate limited: HTTP 403,403,https://www.eccb-centralbank.org/p/montserrat,2026-09-30T07:31:19+00:00,"[{""http_status"":403,""final_url"":""https://www.eccb-centralbank.org/p/montserrat"",""title"":"""",""error"":""HTTP Error 403: Forbidden""},{""http_status"":403,""final_url"":""https://www.eccb-centralbank.org/p/montserrat"",""title"":"""",""error"":""HTTP Error 403: Forbidden""}]"
MA,Morocco,Link,https://www.men.gov.ma/en/Pages/Statistics.aspx,BROKEN,Repeated HTTP 404,404,https://www.men.gov.ma/en/Pages/Statistics.aspx,2026-09-30T07:31:28+00:00,"[{""http_status"":404,""final_url"":""https://www.men.gov.ma/en/Pages/Statistics.aspx"",""title"":"""",""error"":""HTTP Error 404: Not Found""},{""http_status"":404,""final_url"":""https://www.men.gov.ma/en/Pages/Statistics.aspx"",""title"":"""",""error"":""HTTP Error 404: Not Found""}]"
MA,Morocco,Central Bank Website,https://www.bkam.ma/,OK,HTTP 200,200,https://www.bkam.ma/,2026-09-30T07:31:05+00:00,"[{""http_status"":200,""final_url"":""https://www.bkam.ma/"",""title"":""BANK AL-MAGHRIB"",""error"":""""}]"
MZ,Mozambique,Link,http://www.ine.gov.mz/,REVIEW,Original HTTP URL failed; HTTPS alternative responds,,http://www.ine.gov.mz/,2026-09-30T07:31:19+00:00,"[{""http_status"":"""",""final_url"":""http://www.ine.gov.mz/"",""title"":"""",""error"":""<urlopen error timed out>"",""dns_error"":false},{""http_status"":"""",""final_url"":""http://www.ine.gov.mz/"",""title"":"""",""error"":""<urlopen error timed out>"",""dns_error"":false},{""http_status"":200,""final_url"":""https://www.ine.gov.mz/"",""title"":""Instituto Nacional de Estatistica - INE - INE"",""error"":""""}]"
MZ,Mozambique,Microdata,http://mozdata.microdatahub.com/index.php/home,REVIEW,<urlopen error Cross-domain redirect not followed: https://www.hugedomains.com/domain_profile.cfm?d=microdatahub.com>,,http://mozdata.microdatahub.com/index.php/home,2026-09-30T07:30:39+00:00,"[{""http_status"":"""",""final_url"":""http://mozdata.microdatahub.com/index.php/home"",""title"":"""",""error"":""<urlopen error Cross-domain redirect not followed: https://www.hugedomains.com/domain_profile.cfm?d=microdatahub.com>"",""redirect_target"":""https://www.hugedomains.com/domain_profile.cfm?d=microdatahub.com""}]"
MZ,Mozambique,Central Bank Website,https://www.bancomoc.mz/,OK,HTTP 200,200,https://www.bancomoc.mz/,2026-09-30T07:31:00+00:00,"[{""http_status"":200,""final_url"":""https://www.bancomoc.mz/"",""title"":""P&#225;gina Inicial - Banco de Mo&#231;ambique"",""error"":""""}]"
MM,Myanmar,Link,https://www.csostat.gov.mm/,OK,HTTP 200,200,https://www.csostat.gov.mm/,2026-09-30T07:31:17+00:00,"[{""http_status"":200,""final_url"":""https://www.csostat.gov.mm/"",""title"":""Central Statistical Organization"",""error"":""""}]"
MM,Myanmar,Central Bank Website,https://www.cbm.gov.mm/frontpage,BROKEN,Repeated HTTP 404,404,https://www.cbm.gov.mm/frontpage,2026-09-30T07:31:14+00:00,"[{""http_status"":404,""final_url"":""https://www.cbm.gov.mm/frontpage"",""title"":"""",""error"":""HTTP Error 404: Not Found""},{""http_status"":404,""final_url"":""https://www.cbm.gov.mm/frontpage"",""title"":"""",""error"":""HTTP Error 404: Not Found""}]"
NA,Namibia,Link,https://nsa.org.na/,OK,HTTP 200,200,https://nsa.org.na/,2026-09-30T07:30:52+00:00,"[{""http_status"":200,""final_url"":""https://nsa.org.na/"",""title"":""Home - Namibia Statistics Agency"",""error"":""""}]"
NA,Namibia,Microdata,https://nada.nsa.org.na/index.php/catalog,OK,HTTP 200,200,https://nada.nsa.org.na/index.php/catalog,2026-09-30T07:30:51+00:00,"[{""http_status"":200,""final_url"":""https://nada.nsa.org.na/index.php/catalog"",""title"":"""",""error"":""""}]"
NA,Namibia,Central Bank Website,https://www.bon.com.na/,UNVERIFIED,<urlopen error timed out>,,https://www.bon.com.na/,2026-09-30T07:31:39+00:00,"[{""http_status"":"""",""final_url"":""https://www.bon.com.na/"",""title"":"""",""error"":""<urlopen error timed out>"",""dns_error"":false},{""http_status"":"""",""final_url"":""https://www.bon.com.na/"",""title"":"""",""error"":""<urlopen error timed out>"",""dns_error"":false}]"
NR,Nauru,Link,https://nauru.prism.spc.int/,REVIEW,<urlopen error Cross-domain redirect not followed: https://stats.gov.nr/>,,https://nauru.prism.spc.int/,2026-09-30T07:30:51+00:00,"[{""http_status"":"""",""final_url"":""https://nauru.prism.spc.int/"",""title"":"""",""error"":""<urlopen error Cross-domain redirect not followed: https://stats.gov.nr/>"",""redirect_target"":""https://stats.gov.nr/""}]"
NR,Nauru,Central Bank Website,https://www.rba.gov.au/,OK,HTTP 200,200,https://www.rba.gov.au/,2026-09-30T07:31:32+00:00,"[{""http_status"":200,""final_url"":""https://www.rba.gov.au/"",""title"":""Reserve Bank of Australia"",""error"":""""}]"
NP,Nepal,Link,https://cbs.gov.np/,UNVERIFIED,"<urlopen error [SSL: CERTIFICATE_VERIFY_FAILED] certificate verify failed: Hostname mismatch, certificate is not valid for 'cbs.gov.np'. (_ssl.c:1010)>",,https://cbs.gov.np/,2026-09-30T07:30:50+00:00,"[{""http_status"":"""",""final_url"":""https://cbs.gov.np/"",""title"":"""",""error"":""<urlopen error [SSL: CERTIFICATE_VERIFY_FAILED] certificate verify failed: Hostname mismatch, certificate is not valid for 'cbs.gov.np'. (_ssl.c:1010)>"",""dns_error"":false},{""http_status"":"""",""final_url"":""https://cbs.gov.np/"",""title"":"""",""error"":""<urlopen error [SSL: CERTIFICATE_VERIFY_FAILED] certificate verify failed: Hostname mismatch, certificate is not valid for 'cbs.gov.np'. (_ssl.c:1010)>"",""dns_error"":false}]"
NP,Nepal,Central Bank Website,https://www.nrb.org.np/,OK,HTTP 200,200,https://www.nrb.org.np/,2026-09-30T07:31:31+00:00,"[{""http_status"":200,""final_url"":""https://www.nrb.org.np/"",""title"":""Nepal Rastra Bank (NRB) - the official site of the Central Bank of Nepal"",""error"":""""}]"
NL,Netherlands,Link,https://www.cbs.nl/en-gb,OK,HTTP 200,200,https://www.cbs.nl/en-gb,2026-09-30T07:31:14+00:00,"[{""http_status"":200,""final_url"":""https://www.cbs.nl/en-gb"",""title"":""Statistics Netherlands | CBS"",""error"":""""}]"
NL,Netherlands,Central Bank Website,https://www.dnb.nl/en/,UNVERIFIED,Access blocked or rate limited: HTTP 403,403,https://www.dnb.nl/en/,2026-09-30T07:31:18+00:00,"[{""http_status"":403,""final_url"":""https://www.dnb.nl/en/"",""title"":"""",""error"":""HTTP Error 403: Forbidden""},{""http_status"":403,""final_url"":""https://www.dnb.nl/en/"",""title"":"""",""error"":""HTTP Error 403: Forbidden""}]"
AN,Netherlands Antilles,Link,https://www.cbs.nl/en-gb,OK,HTTP 200,200,https://www.cbs.nl/en-gb,2026-09-30T07:31:14+00:00,"[{""http_status"":200,""final_url"":""https://www.cbs.nl/en-gb"",""title"":""Statistics Netherlands | CBS"",""error"":""""}]"
AN,Netherlands Antilles,Central Bank Website,https://www.centralbank.cw/,UNVERIFIED,Access blocked or rate limited: HTTP 403,403,https://www.centralbank.cw/,2026-09-30T07:31:15+00:00,"[{""http_status"":403,""final_url"":""https://www.centralbank.cw/"",""title"":"""",""error"":""HTTP Error 403: Forbidden""},{""http_status"":403,""final_url"":""https://www.centralbank.cw/"",""title"":"""",""error"":""HTTP Error 403: Forbidden""}]"
NC,New Caledonia,Link,https://www.isee.nc/,OK,HTTP 200,200,https://isee.nc/,2026-09-30T07:31:27+00:00,"[{""http_status"":200,""final_url"":""https://isee.nc/"",""title"":""ISEE Nouvelle-Calédonie | Statistiques officielles, économie et population"",""error"":""""}]"
NC,New Caledonia,Central Bank Website,https://www.ieom.fr/ieom/,OK,HTTP 200,200,https://www.ieom.fr/Nous-connaitre,2026-09-30T07:31:23+00:00,"[{""http_status"":200,""final_url"":""https://www.ieom.fr/Nous-connaitre"",""title"":""IEOM : Présentation et missions"",""error"":""""}]"
NZ,New Zealand,Link,https://www.stats.govt.nz/,OK,HTTP 200,200,https://www.stats.govt.nz/,2026-09-30T07:31:41+00:00,"[{""http_status"":200,""final_url"":""https://www.stats.govt.nz/"",""title"":""Home &#124; Stats NZ"",""error"":""""}]"
NZ,New Zealand,Central Bank Website,https://www.rbnz.govt.nz/,UNVERIFIED,Access blocked or rate limited: HTTP 403,403,https://www.rbnz.govt.nz/,2026-09-30T07:31:34+00:00,"[{""http_status"":403,""final_url"":""https://www.rbnz.govt.nz/"",""title"":"""",""error"":""HTTP Error 403: Forbidden""},{""http_status"":403,""final_url"":""https://www.rbnz.govt.nz/"",""title"":"""",""error"":""HTTP Error 403: Forbidden""}]"
NI,Nicaragua,Link,https://www.inide.gob.ni/,OK,HTTP 200,200,https://www.inide.gob.ni/,2026-09-30T07:31:40+00:00,"[{""http_status"":"""",""final_url"":""https://www.inide.gob.ni/"",""title"":"""",""error"":""The read operation timed out"",""dns_error"":false},{""http_status"":200,""final_url"":""https://www.inide.gob.ni/"",""title"":""Instituto Nacional de Información de Desarrollo - INIDE"",""error"":""""}]"
NI,Nicaragua,Central Bank Website,https://www.bcn.gob.ni/,REVIEW,<urlopen error Cross-domain redirect not followed: https://validate.perfdrive.com/?ssa=ca211665-64d2-41cb-b381-413e09b3c5ea&ssb=72465231059&ssc=https%3A%2F%2Fwww.bcn.gob.ni%2F&ssi=780b3502-chpj-4098-8f87-64a618383121&ssk=botmanager_support@radware.com&ssm=22792512821040444104909948471547&ssn=cade643a60d05c309602c0bc62ee92e1bcfd2b63c56d-27bf-48b9-a19433&sso=420bdc0f-7526c327d6760ca0ee256f3f87f7a6a6b683ac686a5c316a&ssp=96395724231790751007179074364914329&ssq=75460745346370201930953463392065229683120&ssr=OTguMTY5Ljk4LjIzMQ==&sst=Mozilla/5.0%20(compatible;%20LinkCheck/1.0)&ssu=&ssv=&ssw=&ssx=eyJfX3V6bWYiOiI3ZjkwMDAyYjYzYzU2ZC0yN2JmLTQ4YjktYWMwZi03NTI2YzMyN2Q2NzYxLTE3OTA3NTM0NjMwODQwLTAwNTFlZTFlNDE5ODNkMTJhODUxMCIsInJkIjoiYmNuLmdvYi5uaSIsInV6bXgiOiI3ZmMwMDAyZTYwMTQ0NC01YjQzLTRlZDItYThiOS0wNjQwNDk2NDM0OWMxLTE3OTA3NTM0NjMwODMwLTAwNzg4ZjgxOWU0MGFhZTc5MTgxMCJ9>,,https://www.bcn.gob.ni/,2026-09-30T07:31:02+00:00,"[{""http_status"":"""",""final_url"":""https://www.bcn.gob.ni/"",""title"":"""",""error"":""<urlopen error Cross-domain redirect not followed: https://validate.perfdrive.com/?ssa=ca211665-64d2-41cb-b381-413e09b3c5ea&ssb=72465231059&ssc=https%3A%2F%2Fwww.bcn.gob.ni%2F&ssi=780b3502-chpj-4098-8f87-64a618383121&ssk=botmanager_support@radware.com&ssm=22792512821040444104909948471547&ssn=cade643a60d05c309602c0bc62ee92e1bcfd2b63c56d-27bf-48b9-a19433&sso=420bdc0f-7526c327d6760ca0ee256f3f87f7a6a6b683ac686a5c316a&ssp=96395724231790751007179074364914329&ssq=75460745346370201930953463392065229683120&ssr=OTguMTY5Ljk4LjIzMQ==&sst=Mozilla/5.0%20(compatible;%20LinkCheck/1.0)&ssu=&ssv=&ssw=&ssx=eyJfX3V6bWYiOiI3ZjkwMDAyYjYzYzU2ZC0yN2JmLTQ4YjktYWMwZi03NTI2YzMyN2Q2NzYxLTE3OTA3NTM0NjMwODQwLTAwNTFlZTFlNDE5ODNkMTJhODUxMCIsInJkIjoiYmNuLmdvYi5uaSIsInV6bXgiOiI3ZmMwMDAyZTYwMTQ0NC01YjQzLTRlZDItYThiOS0wNjQwNDk2NDM0OWMxLTE3OTA3NTM0NjMwODMwLTAwNzg4ZjgxOWU0MGFhZTc5MTgxMCJ9>"",""redirect_target"":""https://validate.perfdrive.com/?ssa=ca211665-64d2-41cb-b381-413e09b3c5ea&ssb=72465231059&ssc=https%3A%2F%2Fwww.bcn.gob.ni%2F&ssi=780b3502-chpj-4098-8f87-64a618383121&ssk=botmanager_support@radware.com&ssm=22792512821040444104909948471547&ssn=cade643a60d05c309602c0bc62ee92e1bcfd2b63c56d-27bf-48b9-a19433&sso=420bdc0f-7526c327d6760ca0ee256f3f87f7a6a6b683ac686a5c316a&ssp=96395724231790751007179074364914329&ssq=75460745346370201930953463392065229683120&ssr=OTguMTY5Ljk4LjIzMQ==&sst=Mozilla/5.0%20(compatible;%20LinkCheck/1.0)&ssu=&ssv=&ssw=&ssx=eyJfX3V6bWYiOiI3ZjkwMDAyYjYzYzU2ZC0yN2JmLTQ4YjktYWMwZi03NTI2YzMyN2Q2NzYxLTE3OTA3NTM0NjMwODQwLTAwNTFlZTFlNDE5ODNkMTJhODUxMCIsInJkIjoiYmNuLmdvYi5uaSIsInV6bXgiOiI3ZmMwMDAyZTYwMTQ0NC01YjQzLTRlZDItYThiOS0wNjQwNDk2NDM0OWMxLTE3OTA3NTM0NjMwODMwLTAwNzg4ZjgxOWU0MGFhZTc5MTgxMCJ9""}]"
NE,Niger,Link,https://www.stat-niger.org/,OK,HTTP 200,200,https://www.stat-niger.org/,2026-09-30T07:31:39+00:00,"[{""http_status"":200,""final_url"":""https://www.stat-niger.org/"",""title"":""Institut National de la Statistique du Niger"",""error"":""""}]"
NE,Niger,Central Bank Website,http://www.bceao.int/,REVIEW,Original HTTP URL failed; HTTPS alternative responds,,http://www.bceao.int/,2026-09-30T07:30:41+00:00,"[{""http_status"":"""",""final_url"":""http://www.bceao.int/"",""title"":"""",""error"":""<urlopen error [Errno 11001] getaddrinfo failed>"",""dns_error"":true},{""http_status"":"""",""final_url"":""http://www.bceao.int/"",""title"":"""",""error"":""<urlopen error [Errno 11001] getaddrinfo failed>"",""dns_error"":true},{""http_status"":200,""final_url"":""https://www.bceao.int/"",""title"":""BCEAO | Banque Centrale des Etats de l’Afrique de l’Ouest"",""error"":""""}]"
NG,Nigeria,Link,https://www.nigerianstat.gov.ng/,OK,HTTP 200,200,https://www.nigerianstat.gov.ng/,2026-09-30T07:31:30+00:00,"[{""http_status"":200,""final_url"":""https://www.nigerianstat.gov.ng/"",""title"":""Home | National Bureau of Statistics"",""error"":""""}]"
NG,Nigeria,Central Bank Website,https://www.cbn.gov.ng/,OK,HTTP 200,200,https://www.cbn.gov.ng/,2026-09-30T07:31:13+00:00,"[{""http_status"":200,""final_url"":""https://www.cbn.gov.ng/"",""title"":""Home | Central Bank of Nigeria"",""error"":""""}]"
NU,Niue,Link,https://niue.prism.spc.int/,REVIEW,<urlopen error Cross-domain redirect not followed: https://niuestatistics.nu/>,,https://niue.prism.spc.int/,2026-09-30T07:30:52+00:00,"[{""http_status"":"""",""final_url"":""https://niue.prism.spc.int/"",""title"":"""",""error"":""<urlopen error Cross-domain redirect not followed: https://niuestatistics.nu/>"",""redirect_target"":""https://niuestatistics.nu/""}]"
NU,Niue,Central Bank Website,https://www.rbnz.govt.nz/,UNVERIFIED,Access blocked or rate limited: HTTP 403,403,https://www.rbnz.govt.nz/,2026-09-30T07:31:34+00:00,"[{""http_status"":403,""final_url"":""https://www.rbnz.govt.nz/"",""title"":"""",""error"":""HTTP Error 403: Forbidden""},{""http_status"":403,""final_url"":""https://www.rbnz.govt.nz/"",""title"":"""",""error"":""HTTP Error 403: Forbidden""}]"
KP,North Korea,Link,http://ghdx.healthdata.org/organizations/central-bureau-statistics-north-korea,OK,HTTP 200,200,https://ghdx.healthdata.org/organizations/central-bureau-statistics-north-korea,2026-09-30T07:30:39+00:00,"[{""http_status"":200,""final_url"":""https://ghdx.healthdata.org/organizations/central-bureau-statistics-north-korea"",""title"":""Central Bureau of Statistics (North Korea) | GHDx"",""error"":""""}]"
MP,Northern Mariana Islands,Link,https://ver1.cnmicommerce.com/divisions/central-statistics/,OK,HTTP 200,200,https://ver1.cnmicommerce.com/divisions/central-statistics/,2026-09-30T07:30:58+00:00,"[{""http_status"":200,""final_url"":""https://ver1.cnmicommerce.com/divisions/central-statistics/"",""title"":""CNMI Central Statistics Division (CSD) - Department of Commerce – Commonwealth of the Northern Mariana Islands (CNMI)"",""error"":""""}]"
MP,Northern Mariana Islands,Central Bank Website,https://www.federalreserve.gov/,OK,HTTP 200,200,https://www.federalreserve.gov/,2026-09-30T07:31:19+00:00,"[{""http_status"":200,""final_url"":""https://www.federalreserve.gov/"",""title"":""Federal Reserve Board - Home"",""error"":""""}]"
NO,Norway,Link,https://www.ssb.no/en,OK,HTTP 200,200,https://www.ssb.no/en,2026-09-30T07:31:37+00:00,"[{""http_status"":200,""final_url"":""https://www.ssb.no/en"",""title"":""Statistics Norway – SSB"",""error"":""""}]"
NO,Norway,Central Bank Website,https://www.norges-bank.no/en/,OK,HTTP 200,200,https://www.norges-bank.no/en/,2026-09-30T07:31:29+00:00,"[{""http_status"":200,""final_url"":""https://www.norges-bank.no/en/"",""title"":""Norges Bank"",""error"":""""}]"
OM,Oman,Link,https://www.ncsi.gov.om/Pages/AllIndicators.aspx,BROKEN,Repeated HTTP 404,404,https://www.ncsi.gov.om/Pages/AllIndicators.aspx,2026-09-30T07:31:31+00:00,"[{""http_status"":404,""final_url"":""https://www.ncsi.gov.om/Pages/AllIndicators.aspx"",""title"":"""",""error"":""HTTP Error 404: Not Found""},{""http_status"":404,""final_url"":""https://www.ncsi.gov.om/Pages/AllIndicators.aspx"",""title"":"""",""error"":""HTTP Error 404: Not Found""}]"
OM,Oman,Central Bank Website,https://cbo.gov.om/,OK,HTTP 200,200,https://cbo.gov.om/,2026-09-30T07:30:50+00:00,"[{""http_status"":200,""final_url"":""https://cbo.gov.om/"",""title"":""Central Bank Of Oman - CBOHome"",""error"":""""}]"
PK,Pakistan,Link,https://www.pbs.gov.pk/,OK,HTTP 200,200,https://www.pbs.gov.pk/,2026-09-30T07:31:34+00:00,"[{""http_status"":200,""final_url"":""https://www.pbs.gov.pk/"",""title"":""PBS Pakistan Bureau of Statistics"",""error"":""""}]"
PK,Pakistan,Central Bank Website,https://www.sbp.org.pk/index.asp,OK,HTTP 200,200,https://www.sbp.org.pk/,2026-09-30T07:31:39+00:00,"[{""http_status"":200,""final_url"":""https://www.sbp.org.pk/"",""title"":""State Bank of Pakistan"",""error"":""""}]"
PW,Palau,Link,https://www.palaugov.pw/statistics/,UNVERIFIED,Access blocked or rate limited: HTTP 403,403,https://www.palaugov.pw/statistics/,2026-09-30T07:31:37+00:00,"[{""http_status"":403,""final_url"":""https://www.palaugov.pw/statistics/"",""title"":"""",""error"":""HTTP Error 403: Forbidden""},{""http_status"":403,""final_url"":""https://www.palaugov.pw/statistics/"",""title"":"""",""error"":""HTTP Error 403: Forbidden""}]"
PW,Palau,Central Bank Website,http://www.ropfic.org/,UNVERIFIED,Access blocked or rate limited: HTTP 403,403,http://www.ropfic.org/,2026-09-30T07:30:46+00:00,"[{""http_status"":403,""final_url"":""http://www.ropfic.org/"",""title"":"""",""error"":""HTTP Error 403: Forbidden""},{""http_status"":403,""final_url"":""http://www.ropfic.org/"",""title"":"""",""error"":""HTTP Error 403: Forbidden""}]"
PS,Palestine,Link,https://www.pcbs.gov.ps/default.aspx,UNVERIFIED,<urlopen error [SSL: CERTIFICATE_VERIFY_FAILED] certificate verify failed: unable to get local issuer certificate (_ssl.c:1010)>,,https://www.pcbs.gov.ps/default.aspx,2026-09-30T07:31:33+00:00,"[{""http_status"":"""",""final_url"":""https://www.pcbs.gov.ps/default.aspx"",""title"":"""",""error"":""<urlopen error [SSL: CERTIFICATE_VERIFY_FAILED] certificate verify failed: unable to get local issuer certificate (_ssl.c:1010)>"",""dns_error"":false},{""http_status"":"""",""final_url"":""https://www.pcbs.gov.ps/default.aspx"",""title"":"""",""error"":""<urlopen error [SSL: CERTIFICATE_VERIFY_FAILED] certificate verify failed: unable to get local issuer certificate (_ssl.c:1010)>"",""dns_error"":false}]"
PS,Palestine,Central Bank Website,https://www.pma.ps/en/,OK,HTTP 200,200,https://www.pma.ps/en/,2026-09-30T07:31:33+00:00,"[{""http_status"":200,""final_url"":""https://www.pma.ps/en/"",""title"":""سلطة النقد الفلسطينية | Palestine Monetary Authority"",""error"":""""}]"
PA,Panama,Link,https://www.inec.gob.pa/,OK,HTTP 200,200,https://www.inec.gob.pa/,2026-09-30T07:31:24+00:00,"[{""http_status"":200,""final_url"":""https://www.inec.gob.pa/"",""title"":""INEC - Panamá"",""error"":""""}]"
PA,Panama,Central Bank Website,https://www.banconal.com.pa/,UNVERIFIED,Access blocked or rate limited: HTTP 403,403,https://www.banconal.com.pa/,2026-09-30T07:31:00+00:00,"[{""http_status"":403,""final_url"":""https://www.banconal.com.pa/"",""title"":"""",""error"":""HTTP Error 403: Forbidden""},{""http_status"":403,""final_url"":""https://www.banconal.com.pa/"",""title"":"""",""error"":""HTTP Error 403: Forbidden""}]"
PG,Papua New Guinea,Link,https://www.nso.gov.pg/,OK,HTTP 200,200,https://www.nso.gov.pg/,2026-09-30T07:31:33+00:00,"[{""http_status"":200,""final_url"":""https://www.nso.gov.pg/"",""title"":""National Statistical Office | Papua New Guinea &#8211; Become smarter and strategic with statistics"",""error"":""""}]"
PG,Papua New Guinea,Central Bank Website,https://www.bankpng.gov.pg/,UNVERIFIED,Access blocked or rate limited: HTTP 403,403,https://www.bankpng.gov.pg/,2026-09-30T07:31:01+00:00,"[{""http_status"":403,""final_url"":""https://www.bankpng.gov.pg/"",""title"":"""",""error"":""HTTP Error 403: Forbidden""},{""http_status"":403,""final_url"":""https://www.bankpng.gov.pg/"",""title"":"""",""error"":""HTTP Error 403: Forbidden""}]"
PY,Paraguay,Link,https://www.ine.gov.py/,OK,HTTP 200,200,https://www.ine.gov.py/,2026-09-30T07:31:23+00:00,"[{""http_status"":200,""final_url"":""https://www.ine.gov.py/"",""title"":""INE::Instituto Nacional de Estadística"",""error"":""""}]"
PY,Paraguay,Microdata,https://www.ine.gov.py/microdatos/Encuesta-Permanente-de-Hogares-Continua.php,SOURCE VERIFIED,Official/recognized catalog identified; direct HTTP check not performed,Not tested,https://www.ine.gov.py/microdatos/Encuesta-Permanente-de-Hogares-Continua.php,2026-09-30T07:31:23+00:00,Official source verified; direct HTTP check not performed
PY,Paraguay,Central Bank Website,https://www.bcp.gov.py/,UNVERIFIED,Access blocked or rate limited: HTTP 403,403,https://www.bcp.gov.py/,2026-09-30T07:31:03+00:00,"[{""http_status"":403,""final_url"":""https://www.bcp.gov.py/"",""title"":"""",""error"":""HTTP Error 403: Forbidden""},{""http_status"":403,""final_url"":""https://www.bcp.gov.py/"",""title"":"""",""error"":""HTTP Error 403: Forbidden""}]"
PE,Peru,Link,https://www.inei.gob.pe/,REVIEW,<urlopen error Cross-domain redirect not followed: https://www.gob.pe/inei/>,,https://www.inei.gob.pe/,2026-09-30T07:31:39+00:00,"[{""http_status"":"""",""final_url"":""https://www.inei.gob.pe/"",""title"":"""",""error"":""<urlopen error Cross-domain redirect not followed: https://www.gob.pe/inei/>"",""redirect_target"":""https://www.gob.pe/inei/""}]"
PE,Peru,Microdata,http://iinei.inei.gob.pe/microdatos/,UNVERIFIED,<urlopen error timed out>,,http://iinei.inei.gob.pe/microdatos/,2026-09-30T07:31:25+00:00,"[{""http_status"":"""",""final_url"":""http://iinei.inei.gob.pe/microdatos/"",""title"":"""",""error"":""<urlopen error timed out>"",""dns_error"":false},{""http_status"":"""",""final_url"":""http://iinei.inei.gob.pe/microdatos/"",""title"":"""",""error"":""<urlopen error timed out>"",""dns_error"":false}]"
PE,Peru,Central Bank Website,https://www.bcrp.gob.pe/,OK,HTTP 200,200,https://www.bcrp.gob.pe/,2026-09-30T07:31:03+00:00,"[{""http_status"":200,""final_url"":""https://www.bcrp.gob.pe/"",""title"":"""",""error"":""""}]"
PH,Philippines,Link,https://psa.gov.ph/,UNVERIFIED,Access blocked or rate limited: HTTP 403,403,https://psa.gov.ph/,2026-09-30T07:30:54+00:00,"[{""http_status"":403,""final_url"":""https://psa.gov.ph/"",""title"":"""",""error"":""HTTP Error 403: Forbidden""},{""http_status"":403,""final_url"":""https://psa.gov.ph/"",""title"":"""",""error"":""HTTP Error 403: Forbidden""}]"
PH,Philippines,Microdata,https://psada.psa.gov.ph/index.php/catalog,UNVERIFIED,Access blocked or rate limited: HTTP 403,403,https://psada.psa.gov.ph/index.php/catalog,2026-09-30T07:30:54+00:00,"[{""http_status"":403,""final_url"":""https://psada.psa.gov.ph/index.php/catalog"",""title"":"""",""error"":""HTTP Error 403: Forbidden""},{""http_status"":403,""final_url"":""https://psada.psa.gov.ph/index.php/catalog"",""title"":"""",""error"":""HTTP Error 403: Forbidden""}]"
PH,Philippines,Central Bank Website,https://www.bsp.gov.ph/SitePages/Default.aspx,UNVERIFIED,Access blocked or rate limited: HTTP 403,403,https://www.bsp.gov.ph/SitePages/Default.aspx,2026-09-30T07:31:12+00:00,"[{""http_status"":403,""final_url"":""https://www.bsp.gov.ph/SitePages/Default.aspx"",""title"":"""",""error"":""HTTP Error 403: Forbidden""},{""http_status"":403,""final_url"":""https://www.bsp.gov.ph/SitePages/Default.aspx"",""title"":"""",""error"":""HTTP Error 403: Forbidden""}]"
PN,Pitcairn,Link,https://www.government.pn/,OK,HTTP 200,200,https://www.government.pn/,2026-09-30T07:31:20+00:00,"[{""http_status"":200,""final_url"":""https://www.government.pn/"",""title"":""The Official Website of the Government of the Pitcairn Islands"",""error"":""""}]"
PN,Pitcairn,Central Bank Website,https://www.rbnz.govt.nz/,UNVERIFIED,Access blocked or rate limited: HTTP 403,403,https://www.rbnz.govt.nz/,2026-09-30T07:31:34+00:00,"[{""http_status"":403,""final_url"":""https://www.rbnz.govt.nz/"",""title"":"""",""error"":""HTTP Error 403: Forbidden""},{""http_status"":403,""final_url"":""https://www.rbnz.govt.nz/"",""title"":"""",""error"":""HTTP Error 403: Forbidden""}]"
PL,Poland,Link,https://stat.gov.pl/en/,UNVERIFIED,<urlopen error [SSL: CERTIFICATE_VERIFY_FAILED] certificate verify failed: unable to get local issuer certificate (_ssl.c:1010)>,,https://stat.gov.pl/en/,2026-09-30T07:30:55+00:00,"[{""http_status"":"""",""final_url"":""https://stat.gov.pl/en/"",""title"":"""",""error"":""<urlopen error [SSL: CERTIFICATE_VERIFY_FAILED] certificate verify failed: unable to get local issuer certificate (_ssl.c:1010)>"",""dns_error"":false},{""http_status"":"""",""final_url"":""https://stat.gov.pl/en/"",""title"":"""",""error"":""<urlopen error [SSL: CERTIFICATE_VERIFY_FAILED] certificate verify failed: unable to get local issuer certificate (_ssl.c:1010)>"",""dns_error"":false}]"
PL,Poland,Central Bank Website,https://www.nbp.pl/homen.aspx?f=/srodeken.htm,UNVERIFIED,Access blocked or rate limited: HTTP 403,403,https://www.nbp.pl/homen.aspx?f=/srodeken.htm,2026-09-30T07:31:29+00:00,"[{""http_status"":403,""final_url"":""https://www.nbp.pl/homen.aspx?f=/srodeken.htm"",""title"":"""",""error"":""HTTP Error 403: Forbidden""},{""http_status"":403,""final_url"":""https://www.nbp.pl/homen.aspx?f=/srodeken.htm"",""title"":"""",""error"":""HTTP Error 403: Forbidden""}]"
PT,Portugal,Link,https://www.ine.pt/xportal/xmain?xpgid=ine_main&xpid=INE&xlang=en,OK,HTTP 200,200,https://www.ine.pt/xportal/xmain?xpgid=ine_main&xpid=INE&xlang=en,2026-09-30T07:31:24+00:00,"[{""http_status"":200,""final_url"":""https://www.ine.pt/xportal/xmain?xpgid=ine_main&xpid=INE&xlang=en"",""title"":""Portal do INE"",""error"":""""}]"
PT,Portugal,Data,https://www.ine.pt/xportal/xmain?xpid=INE&xpgid=ine_base_dados,OK,HTTP 200,200,https://www.ine.pt/xportal/xmain?xpid=INE&xpgid=ine_base_dados,2026-09-30T07:31:24+00:00,"[{""http_status"":200,""final_url"":""https://www.ine.pt/xportal/xmain?xpid=INE&xpgid=ine_base_dados"",""title"":""Portal do INE"",""error"":""""}]"
PT,Portugal,Microdata,https://www.ine.pt/xportal/xmain?xpid=INE&xpgid=ine_pufs&menuBOUI=13707095&contexto=up&selTab=tab5&xlang=en,OK,HTTP 200,200,https://www.ine.pt/xportal/xmain?xpid=INE&xpgid=ine_pufs&menuBOUI=13707095&contexto=up&selTab=tab5&xlang=en,2026-09-30T07:31:24+00:00,"[{""http_status"":200,""final_url"":""https://www.ine.pt/xportal/xmain?xpid=INE&xpgid=ine_pufs&menuBOUI=13707095&contexto=up&selTab=tab5&xlang=en"",""title"":""Portal do INE"",""error"":""""}]"
PT,Portugal,Central Bank Website,https://www.bportugal.pt/,UNVERIFIED,Access blocked or rate limited: HTTP 403,403,https://www.bportugal.pt/,2026-09-30T07:31:11+00:00,"[{""http_status"":403,""final_url"":""https://www.bportugal.pt/"",""title"":"""",""error"":""HTTP Error 403: Forbidden""},{""http_status"":403,""final_url"":""https://www.bportugal.pt/"",""title"":"""",""error"":""HTTP Error 403: Forbidden""}]"
PT,Portugal,GIS/Geospatial data,http://mapas.ine.pt/map.phtml,OK,HTTP 200,200,https://mapas.ine.pt/map.phtml,2026-09-30T07:30:40+00:00,"[{""http_status"":200,""final_url"":""https://mapas.ine.pt/map.phtml"",""title"":""INE - Censos 2011 Resultados Definitivos"",""error"":""""}]"
PT,Portugal,GIS/Geospatial data,https://ine.pt/xportal/xmain?xpid=INE&xpgid=ine_unid_territorial&menuBOUI=13707095&contexto=ut&selTab=tab3,OK,HTTP 200,200,https://www.ine.pt/xportal/xmain?xpid=INE&xpgid=ine_unid_territorial&menuBOUI=13707095&contexto=ut&selTab=tab3,2026-09-30T07:30:52+00:00,"[{""http_status"":200,""final_url"":""https://www.ine.pt/xportal/xmain?xpid=INE&xpgid=ine_unid_territorial&menuBOUI=13707095&contexto=ut&selTab=tab3"",""title"":""Portal do INE"",""error"":""""}]"
PT,Portugal,Trade Data,https://www.ine.pt/xportal/xmain?xpid=INE&xpgid=ine_indicadores&userLoadSave=Load&userTableOrder=10777&tipoSeleccao=1&contexto=pq&selTab=tab1&submitLoad=true,OK,HTTP 200,200,https://www.ine.pt/xportal/xmain?xpid=INE&xpgid=ine_indicadores&userLoadSave=Load&userTableOrder=10777&tipoSeleccao=1&contexto=pq&selTab=tab1&submitLoad=true,2026-09-30T07:31:24+00:00,"[{""http_status"":200,""final_url"":""https://www.ine.pt/xportal/xmain?xpid=INE&xpgid=ine_indicadores&userLoadSave=Load&userTableOrder=10777&tipoSeleccao=1&contexto=pq&selTab=tab1&submitLoad=true"",""title"":""Portal do INE"",""error"":""""}]"
PR,Puerto Rico,Link,https://estadisticas.pr/,OK,HTTP 200,200,https://estadisticas.pr/,2026-09-30T07:30:50+00:00,"[{""http_status"":200,""final_url"":""https://estadisticas.pr/"",""title"":""Instituto de Estadísticas de PR | Estadísticas.PR"",""error"":""""}]"
PR,Puerto Rico,Central Bank Website,https://www.federalreserve.gov/,OK,HTTP 200,200,https://www.federalreserve.gov/,2026-09-30T07:31:19+00:00,"[{""http_status"":200,""final_url"":""https://www.federalreserve.gov/"",""title"":""Federal Reserve Board - Home"",""error"":""""}]"
QA,Qatar,Link,https://www.psa.gov.qa/en/pages/default.aspx,UNVERIFIED,<urlopen error timed out>,,https://www.psa.gov.qa/en/pages/default.aspx,2026-09-30T07:32:03+00:00,"[{""http_status"":"""",""final_url"":""https://www.psa.gov.qa/en/pages/default.aspx"",""title"":"""",""error"":""<urlopen error timed out>"",""dns_error"":false},{""http_status"":"""",""final_url"":""https://www.psa.gov.qa/en/pages/default.aspx"",""title"":"""",""error"":""<urlopen error timed out>"",""dns_error"":false}]"
QA,Qatar,Central Bank Website,http://www.qcb.gov.qa/English/Pages/default.aspx,OK,HTTP 200,200,https://www.qcb.gov.qa/en/pages/error.aspx,2026-09-30T07:30:44+00:00,"[{""http_status"":200,""final_url"":""https://www.qcb.gov.qa/en/pages/error.aspx"",""title"":""error"",""error"":""""}]"
CG,Republic of the Congo,Link,https://ins-congo.cg/,OK,HTTP 200,200,https://ins-congo.cg/,2026-09-30T07:30:51+00:00,"[{""http_status"":200,""final_url"":""https://ins-congo.cg/"",""title"":""Acceuil | Institut National de la statistique"",""error"":""""}]"
CG,Republic of the Congo,Central Bank Website,https://www.bcc.cd/,OK,HTTP 200,200,https://www.bcc.cd/,2026-09-30T07:31:03+00:00,"[{""http_status"":200,""final_url"":""https://www.bcc.cd/"",""title"":""Banque Centrale du Congo"",""error"":""""}]"
RE,Reunion,Link,https://www.insee.fr/en/accueil,UNVERIFIED,<urlopen error [WinError 10054] An existing connection was forcibly closed by the remote host>,,https://www.insee.fr/en/accueil,2026-09-30T07:31:45+00:00,"[{""http_status"":"""",""final_url"":""https://www.insee.fr/en/accueil"",""title"":"""",""error"":""<urlopen error [WinError 10054] An existing connection was forcibly closed by the remote host>"",""dns_error"":false},{""http_status"":"""",""final_url"":""https://www.insee.fr/en/accueil"",""title"":"""",""error"":""<urlopen error [WinError 10054] An existing connection was forcibly closed by the remote host>"",""dns_error"":false}]"
RE,Reunion,Central Bank Website,https://www.banque-france.fr/en/banque-de-france/about-banque-de-france/bank-locations/mayotte-en,BROKEN,Repeated HTTP 404,404,https://www.banque-france.fr/en/banque-de-france/about-banque-de-france/bank-locations/mayotte-en,2026-09-30T07:31:02+00:00,"[{""http_status"":404,""final_url"":""https://www.banque-france.fr/en/banque-de-france/about-banque-de-france/bank-locations/mayotte-en"",""title"":"""",""error"":""HTTP Error 404: Not Found""},{""http_status"":404,""final_url"":""https://www.banque-france.fr/en/banque-de-france/about-banque-de-france/bank-locations/mayotte-en"",""title"":"""",""error"":""HTTP Error 404: Not Found""}]"
RO,Romania,Link,https://insse.ro/cms/en,UNVERIFIED,HTTP 503,503,https://insse.ro/cms/en,2026-09-30T07:30:53+00:00,"[{""http_status"":503,""final_url"":""https://insse.ro/cms/en"",""title"":"""",""error"":""HTTP Error 503: Service Temporarily Unavailable""},{""http_status"":503,""final_url"":""https://insse.ro/cms/en"",""title"":"""",""error"":""HTTP Error 503: Service Temporarily Unavailable""}]"
RO,Romania,Central Bank Website,https://www.bnr.ro/Home.aspx,UNVERIFIED,<urlopen error [SSL: CERTIFICATE_VERIFY_FAILED] certificate verify failed: unable to get local issuer certificate (_ssl.c:1010)>,,https://www.bnr.ro/Home.aspx,2026-09-30T07:31:08+00:00,"[{""http_status"":"""",""final_url"":""https://www.bnr.ro/Home.aspx"",""title"":"""",""error"":""<urlopen error [SSL: CERTIFICATE_VERIFY_FAILED] certificate verify failed: unable to get local issuer certificate (_ssl.c:1010)>"",""dns_error"":false},{""http_status"":"""",""final_url"":""https://www.bnr.ro/Home.aspx"",""title"":"""",""error"":""<urlopen error [SSL: CERTIFICATE_VERIFY_FAILED] certificate verify failed: unable to get local issuer certificate (_ssl.c:1010)>"",""dns_error"":false}]"
RU,Russia,Link,https://eng.rosstat.gov.ru/,UNVERIFIED,<urlopen error [SSL: CERTIFICATE_VERIFY_FAILED] certificate verify failed: unable to get local issuer certificate (_ssl.c:1010)>,,https://eng.rosstat.gov.ru/,2026-09-30T07:30:51+00:00,"[{""http_status"":"""",""final_url"":""https://eng.rosstat.gov.ru/"",""title"":"""",""error"":""<urlopen error [SSL: CERTIFICATE_VERIFY_FAILED] certificate verify failed: unable to get local issuer certificate (_ssl.c:1010)>"",""dns_error"":false},{""http_status"":"""",""final_url"":""https://eng.rosstat.gov.ru/"",""title"":"""",""error"":""<urlopen error [SSL: CERTIFICATE_VERIFY_FAILED] certificate verify failed: unable to get local issuer certificate (_ssl.c:1010)>"",""dns_error"":false}]"
RU,Russia,Central Bank Website,https://www.cbr.ru/eng/,OK,HTTP 200,200,https://www.cbr.ru/eng/,2026-09-30T07:31:13+00:00,"[{""http_status"":200,""final_url"":""https://www.cbr.ru/eng/"",""title"":""The Central Bank of the Russian Federation | Bank of Russia"",""error"":""""}]"
RW,Rwanda,Link,https://www.statistics.gov.rw/,UNVERIFIED,"<urlopen error [SSL: CERTIFICATE_VERIFY_FAILED] certificate verify failed: Hostname mismatch, certificate is not valid for 'www.statistics.gov.rw'. (_ssl.c:1010)>",,https://www.statistics.gov.rw/,2026-09-30T07:31:41+00:00,"[{""http_status"":"""",""final_url"":""https://www.statistics.gov.rw/"",""title"":"""",""error"":""<urlopen error [SSL: CERTIFICATE_VERIFY_FAILED] certificate verify failed: Hostname mismatch, certificate is not valid for 'www.statistics.gov.rw'. (_ssl.c:1010)>"",""dns_error"":false},{""http_status"":"""",""final_url"":""https://www.statistics.gov.rw/"",""title"":"""",""error"":""<urlopen error [SSL: CERTIFICATE_VERIFY_FAILED] certificate verify failed: Hostname mismatch, certificate is not valid for 'www.statistics.gov.rw'. (_ssl.c:1010)>"",""dns_error"":false}]"
RW,Rwanda,Central Bank Website,https://www.bnr.rw/home/,OK,HTTP 200,200,https://www.bnr.rw/home/,2026-09-30T07:31:07+00:00,"[{""http_status"":200,""final_url"":""https://www.bnr.rw/home/"",""title"":""National Bank of Rwanda"",""error"":""""}]"
BL,Saint Barthelemy,Central Bank Website,https://www.banque-france.fr/en/banque-de-france/about-banque-de-france/bank-locations/mayotte-en,BROKEN,Repeated HTTP 404,404,https://www.banque-france.fr/en/banque-de-france/about-banque-de-france/bank-locations/mayotte-en,2026-09-30T07:31:02+00:00,"[{""http_status"":404,""final_url"":""https://www.banque-france.fr/en/banque-de-france/about-banque-de-france/bank-locations/mayotte-en"",""title"":"""",""error"":""HTTP Error 404: Not Found""},{""http_status"":404,""final_url"":""https://www.banque-france.fr/en/banque-de-france/about-banque-de-france/bank-locations/mayotte-en"",""title"":"""",""error"":""HTTP Error 404: Not Found""}]"
SH,Saint Helena,Link,https://www.sainthelena.gov.sh/st-helena/statistics/,OK,HTTP 200,200,https://www.sainthelena.gov.sh/st-helena/statistics/,2026-09-30T07:31:35+00:00,"[{""http_status"":200,""final_url"":""https://www.sainthelena.gov.sh/st-helena/statistics/"",""title"":""Statistics &#8211; St Helena"",""error"":""""}]"
SH,Saint Helena,Central Bank Website,https://www.bankofengland.co.uk/,OK,HTTP 200,200,https://www.bankofengland.co.uk/,2026-09-30T07:31:00+00:00,"[{""http_status"":200,""final_url"":""https://www.bankofengland.co.uk/"",""title"":""Home | Bank of England – the UK&#39;s central bank"",""error"":""""}]"
KN,Saint Kitts and Nevis,Link,https://www.stats.gov.kn/,OK,HTTP 200,200,https://www.stats.gov.kn/,2026-09-30T07:31:41+00:00,"[{""http_status"":200,""final_url"":""https://www.stats.gov.kn/"",""title"":""Department of Statistics, Sustainable Development - Department of Statistics, Ministry of Sustainable Development"",""error"":""""}]"
KN,Saint Kitts and Nevis,Central Bank Website,https://www.eccb-centralbank.org/p/commonwealth-of-dominica,UNVERIFIED,Access blocked or rate limited: HTTP 403,403,https://www.eccb-centralbank.org/p/commonwealth-of-dominica,2026-09-30T07:31:19+00:00,"[{""http_status"":403,""final_url"":""https://www.eccb-centralbank.org/p/commonwealth-of-dominica"",""title"":"""",""error"":""HTTP Error 403: Forbidden""},{""http_status"":403,""final_url"":""https://www.eccb-centralbank.org/p/commonwealth-of-dominica"",""title"":"""",""error"":""HTTP Error 403: Forbidden""}]"
LC,Saint Lucia,Link,https://www.stats.gov.lc/,OK,HTTP 200,200,https://www.stats.gov.lc/,2026-09-30T07:31:42+00:00,"[{""http_status"":200,""final_url"":""https://www.stats.gov.lc/"",""title"":""Home - The Central Statistical Office of Saint Lucia"",""error"":""""}]"
LC,Saint Lucia,Central Bank Website,https://www.eccb-centralbank.org/p/commonwealth-of-dominica,UNVERIFIED,Access blocked or rate limited: HTTP 403,403,https://www.eccb-centralbank.org/p/commonwealth-of-dominica,2026-09-30T07:31:19+00:00,"[{""http_status"":403,""final_url"":""https://www.eccb-centralbank.org/p/commonwealth-of-dominica"",""title"":"""",""error"":""HTTP Error 403: Forbidden""},{""http_status"":403,""final_url"":""https://www.eccb-centralbank.org/p/commonwealth-of-dominica"",""title"":"""",""error"":""HTTP Error 403: Forbidden""}]"
MF,Saint Martin,Link,http://www.sintmaartengov.org/government/TEATT/STAT/Pages/default.aspx,BROKEN,Repeated HTTP 404,404,http://www.sintmaartengov.org/government/TEATT/STAT/Pages/default.aspx,2026-09-30T07:30:45+00:00,"[{""http_status"":404,""final_url"":""http://www.sintmaartengov.org/government/TEATT/STAT/Pages/default.aspx"",""title"":"""",""error"":""HTTP Error 404: Not Found""},{""http_status"":404,""final_url"":""http://www.sintmaartengov.org/government/TEATT/STAT/Pages/default.aspx"",""title"":"""",""error"":""HTTP Error 404: Not Found""}]"
PM,Saint Pierre and Miquelon,Central Bank Website,https://www.banque-france.fr/en/banque-de-france/about-banque-de-france/bank-locations/mayotte-en,BROKEN,Repeated HTTP 404,404,https://www.banque-france.fr/en/banque-de-france/about-banque-de-france/bank-locations/mayotte-en,2026-09-30T07:31:02+00:00,"[{""http_status"":404,""final_url"":""https://www.banque-france.fr/en/banque-de-france/about-banque-de-france/bank-locations/mayotte-en"",""title"":"""",""error"":""HTTP Error 404: Not Found""},{""http_status"":404,""final_url"":""https://www.banque-france.fr/en/banque-de-france/about-banque-de-france/bank-locations/mayotte-en"",""title"":"""",""error"":""HTTP Error 404: Not Found""}]"
VC,Saint Vincent and the Grenadines,Link,https://stats.gov.vc/,OK,HTTP 200,200,https://stats.gov.vc/,2026-09-30T07:30:59+00:00,"[{""http_status"":200,""final_url"":""https://stats.gov.vc/"",""title"":""In the news &#8212; Statistical Office, Government of Saint Vincent and the Grenadines"",""error"":""""}]"
VC,Saint Vincent and the Grenadines,Central Bank Website,https://www.eccb-centralbank.org/p/commonwealth-of-dominica,UNVERIFIED,Access blocked or rate limited: HTTP 403,403,https://www.eccb-centralbank.org/p/commonwealth-of-dominica,2026-09-30T07:31:19+00:00,"[{""http_status"":403,""final_url"":""https://www.eccb-centralbank.org/p/commonwealth-of-dominica"",""title"":"""",""error"":""HTTP Error 403: Forbidden""},{""http_status"":403,""final_url"":""https://www.eccb-centralbank.org/p/commonwealth-of-dominica"",""title"":"""",""error"":""HTTP Error 403: Forbidden""}]"
WS,Samoa,Link,https://www.sbs.gov.ws/,OK,HTTP 200,200,https://www.sbs.gov.ws/,2026-09-30T07:31:36+00:00,"[{""http_status"":200,""final_url"":""https://www.sbs.gov.ws/"",""title"":""Samoa Bureau of Statistics"",""error"":""""}]"
WS,Samoa,Microdata,http://110.5.112.59/index.php/catalog,SOURCE VERIFIED,Official/recognized catalog identified; direct HTTP check not performed,Not tested,http://110.5.112.59/index.php/catalog,2026-09-30T07:31:25+00:00,Official source verified; direct HTTP check not performed
WS,Samoa,Central Bank Website,https://www.cbs.gov.ws/,OK,HTTP 200,200,https://cbs.gov.ws/,2026-09-30T07:31:13+00:00,"[{""http_status"":200,""final_url"":""https://cbs.gov.ws/"",""title"":""Central Bank of Samoa"",""error"":""""}]"
SM,San Marino,Link,https://www.statistica.sm/on-line/en/home.html,BROKEN,Repeated HTTP 404,404,https://www.statistica.sm/on-line/en/home.html,2026-09-30T07:31:41+00:00,"[{""http_status"":404,""final_url"":""https://www.statistica.sm/on-line/en/home.html"",""title"":"""",""error"":""HTTP Error 404: ""},{""http_status"":404,""final_url"":""https://www.statistica.sm/on-line/en/home.html"",""title"":"""",""error"":""HTTP Error 404: ""}]"
SM,San Marino,Central Bank Website,https://www.bcsm.sm/site/en/home.html,BROKEN,Repeated HTTP 404,404,https://www.bcsm.sm/site/en/home.html,2026-09-30T07:31:06+00:00,"[{""http_status"":404,""final_url"":""https://www.bcsm.sm/site/en/home.html"",""title"":"""",""error"":""HTTP Error 404: Not Found""},{""http_status"":404,""final_url"":""https://www.bcsm.sm/site/en/home.html"",""title"":"""",""error"":""HTTP Error 404: Not Found""}]"
ST,Sao Tome and Principe,Link,https://www.ine.st/,OK,HTTP 200,200,https://www.ine.st/,2026-09-30T07:31:25+00:00,"[{""http_status"":200,""final_url"":""https://www.ine.st/"",""title"":""Instituto Nacional de Estatística"",""error"":""""}]"
ST,Sao Tome and Principe,Central Bank Website,https://bcstp.st/,OK,HTTP 200,200,https://bcstp.st/,2026-09-30T07:30:48+00:00,"[{""http_status"":200,""final_url"":""https://bcstp.st/"",""title"":""Central de S.Tomé e Príncipe"",""error"":""""}]"
SA,Saudi Arabia,Link,https://www.stats.gov.sa/en,UNVERIFIED,Remote end closed connection without response,,https://www.stats.gov.sa/en,2026-09-30T07:31:45+00:00,"[{""http_status"":"""",""final_url"":""https://www.stats.gov.sa/en"",""title"":"""",""error"":""Remote end closed connection without response"",""dns_error"":false},{""http_status"":"""",""final_url"":""https://www.stats.gov.sa/en"",""title"":"""",""error"":""Remote end closed connection without response"",""dns_error"":false}]"
SA,Saudi Arabia,Data,https://www.stats.gov.sa/en/statistics-overview,UNVERIFIED,Remote end closed connection without response,,https://www.stats.gov.sa/en/statistics-overview,2026-09-30T07:31:44+00:00,"[{""http_status"":"""",""final_url"":""https://www.stats.gov.sa/en/statistics-overview"",""title"":"""",""error"":""Remote end closed connection without response"",""dns_error"":false},{""http_status"":"""",""final_url"":""https://www.stats.gov.sa/en/statistics-overview"",""title"":"""",""error"":""Remote end closed connection without response"",""dns_error"":false}]"
SA,Saudi Arabia,Central Bank Website,https://www.sama.gov.sa/ar-sa/Pages/default.aspx,OK,HTTP 200,200,https://www.sama.gov.sa/ar-sa/Pages/default.aspx,2026-09-30T07:31:36+00:00,"[{""http_status"":200,""final_url"":""https://www.sama.gov.sa/ar-sa/Pages/default.aspx"",""title"":""البنك المركزي السعودي"",""error"":""""}]"
SN,Senegal,Link,http://www.ansd.sn/,UNVERIFIED,<urlopen error [SSL: CERTIFICATE_VERIFY_FAILED] certificate verify failed: unable to get local issuer certificate (_ssl.c:1010)>,,http://www.ansd.sn/,2026-09-30T07:30:42+00:00,"[{""http_status"":"""",""final_url"":""http://www.ansd.sn/"",""title"":"""",""error"":""<urlopen error [SSL: CERTIFICATE_VERIFY_FAILED] certificate verify failed: unable to get local issuer certificate (_ssl.c:1010)>"",""dns_error"":false},{""http_status"":"""",""final_url"":""http://www.ansd.sn/"",""title"":"""",""error"":""<urlopen error [SSL: CERTIFICATE_VERIFY_FAILED] certificate verify failed: unable to get local issuer certificate (_ssl.c:1010)>"",""dns_error"":false}]"
SN,Senegal,Central Bank Website,http://www.bceao.int/,REVIEW,Original HTTP URL failed; HTTPS alternative responds,,http://www.bceao.int/,2026-09-30T07:30:41+00:00,"[{""http_status"":"""",""final_url"":""http://www.bceao.int/"",""title"":"""",""error"":""<urlopen error [Errno 11001] getaddrinfo failed>"",""dns_error"":true},{""http_status"":"""",""final_url"":""http://www.bceao.int/"",""title"":"""",""error"":""<urlopen error [Errno 11001] getaddrinfo failed>"",""dns_error"":true},{""http_status"":200,""final_url"":""https://www.bceao.int/"",""title"":""BCEAO | Banque Centrale des Etats de l’Afrique de l’Ouest"",""error"":""""}]"
RS,Serbia,Link,https://www.stat.gov.rs/en-US,OK,HTTP 200,200,https://www.stat.gov.rs/en-US,2026-09-30T07:31:39+00:00,"[{""http_status"":200,""final_url"":""https://www.stat.gov.rs/en-US"",""title"":""Home | Statistical Office of the Republic of Serbia"",""error"":""""}]"
RS,Serbia,Central Bank Website,https://nbs.rs/en/indeks/,OK,HTTP 200,200,https://nbs.rs/en/indeks/,2026-09-30T07:30:54+00:00,"[{""http_status"":200,""final_url"":""https://nbs.rs/en/indeks/"",""title"":""NBS | National Bank of Serbia"",""error"":""""}]"
SC,Seychelles,Link,https://www.nbs.gov.sc/,UNVERIFIED,Access blocked or rate limited: HTTP 403,403,https://www.nbs.gov.sc/,2026-09-30T07:31:32+00:00,"[{""http_status"":403,""final_url"":""https://www.nbs.gov.sc/"",""title"":"""",""error"":""HTTP Error 403: Forbidden""},{""http_status"":403,""final_url"":""https://www.nbs.gov.sc/"",""title"":"""",""error"":""HTTP Error 403: Forbidden""}]"
SC,Seychelles,Data,https://www.nbs.gov.sc/seychelles-data-portal,UNVERIFIED,Access blocked or rate limited: HTTP 403,403,https://www.nbs.gov.sc/seychelles-data-portal,2026-09-30T07:31:32+00:00,"[{""http_status"":403,""final_url"":""https://www.nbs.gov.sc/seychelles-data-portal"",""title"":"""",""error"":""HTTP Error 403: Forbidden""},{""http_status"":403,""final_url"":""https://www.nbs.gov.sc/seychelles-data-portal"",""title"":"""",""error"":""HTTP Error 403: Forbidden""}]"
SC,Seychelles,Central Bank Website,https://www.cbs.sc/,OK,HTTP 200,200,https://www.cbs.sc/,2026-09-30T07:31:14+00:00,"[{""http_status"":200,""final_url"":""https://www.cbs.sc/"",""title"":""Central Bank Of Seychelles | Home"",""error"":""""}]"
SL,Sierra Leone,Link,https://www.statistics.sl/,UNVERIFIED,Access blocked or rate limited: HTTP 403,403,https://www.statistics.sl/,2026-09-30T07:31:42+00:00,"[{""http_status"":403,""final_url"":""https://www.statistics.sl/"",""title"":"""",""error"":""HTTP Error 403: Forbidden""},{""http_status"":403,""final_url"":""https://www.statistics.sl/"",""title"":"""",""error"":""HTTP Error 403: Forbidden""}]"
SL,Sierra Leone,Data,https://www.statistics.sl/index.php/what-we-offer/open-data-free-datasets.html,UNVERIFIED,Access blocked or rate limited: HTTP 403,403,https://www.statistics.sl/index.php/what-we-offer/open-data-free-datasets.html,2026-09-30T07:31:42+00:00,"[{""http_status"":403,""final_url"":""https://www.statistics.sl/index.php/what-we-offer/open-data-free-datasets.html"",""title"":"""",""error"":""HTTP Error 403: Forbidden""},{""http_status"":403,""final_url"":""https://www.statistics.sl/index.php/what-we-offer/open-data-free-datasets.html"",""title"":"""",""error"":""HTTP Error 403: Forbidden""}]"
SL,Sierra Leone,Microdata,https://www.statistics.sl/index.php/surveys/completed-surveys.html,UNVERIFIED,Access blocked or rate limited: HTTP 403,403,https://www.statistics.sl/index.php/surveys/completed-surveys.html,2026-09-30T07:31:42+00:00,"[{""http_status"":403,""final_url"":""https://www.statistics.sl/index.php/surveys/completed-surveys.html"",""title"":"""",""error"":""HTTP Error 403: Forbidden""},{""http_status"":403,""final_url"":""https://www.statistics.sl/index.php/surveys/completed-surveys.html"",""title"":"""",""error"":""HTTP Error 403: Forbidden""}]"
SL,Sierra Leone,Central Bank Website,https://bsl.gov.sl/,OK,HTTP 200,200,https://bsl.gov.sl/,2026-09-30T07:30:47+00:00,"[{""http_status"":200,""final_url"":""https://bsl.gov.sl/"",""title"":""Bank of Sierra Leone"",""error"":""""}]"
SL,Sierra Leone,GIS/Geospatial data,https://gis.dsti.gov.sl/,UNVERIFIED,Repeated DNS resolution failure,,https://gis.dsti.gov.sl/,2026-09-30T07:30:51+00:00,"[{""http_status"":"""",""final_url"":""https://gis.dsti.gov.sl/"",""title"":"""",""error"":""<urlopen error [Errno 11001] getaddrinfo failed>"",""dns_error"":true},{""http_status"":"""",""final_url"":""https://gis.dsti.gov.sl/"",""title"":"""",""error"":""<urlopen error [Errno 11001] getaddrinfo failed>"",""dns_error"":true}]"
SG,Singapore,Link,https://www.singstat.gov.sg/,OK,HTTP 200,200,https://www.singstat.gov.sg/,2026-09-30T07:31:36+00:00,"[{""http_status"":200,""final_url"":""https://www.singstat.gov.sg/"",""title"":""Singapore Department of Statistics"",""error"":""""}]"
SG,Singapore,Central Bank Website,https://www.mas.gov.sg/,OK,HTTP 200,200,https://www.mas.gov.sg/,2026-09-30T07:31:26+00:00,"[{""http_status"":200,""final_url"":""https://www.mas.gov.sg/"",""title"":""Maintenance"",""error"":""""}]"
SX,Sint Maarten,Link,http://stats.sintmaartengov.org/?fbclid=IwAR12x5xtxY1tX3Iwqb7mMMAAI52m_Zlt_DqZcCjwlWck5yFWGK1UNlSdzhI,OK,HTTP 200,200,http://stats.sintmaartengov.org/?fbclid=IwAR12x5xtxY1tX3Iwqb7mMMAAI52m_Zlt_DqZcCjwlWck5yFWGK1UNlSdzhI,2026-09-30T07:30:39+00:00,"[{""http_status"":200,""final_url"":""http://stats.sintmaartengov.org/?fbclid=IwAR12x5xtxY1tX3Iwqb7mMMAAI52m_Zlt_DqZcCjwlWck5yFWGK1UNlSdzhI"",""title"":""STAT - Department of Statistics"",""error"":""""}]"
SX,Sint Maarten,Central Bank Website,https://www.centralbank.cw/,UNVERIFIED,Access blocked or rate limited: HTTP 403,403,https://www.centralbank.cw/,2026-09-30T07:31:15+00:00,"[{""http_status"":403,""final_url"":""https://www.centralbank.cw/"",""title"":"""",""error"":""HTTP Error 403: Forbidden""},{""http_status"":403,""final_url"":""https://www.centralbank.cw/"",""title"":"""",""error"":""HTTP Error 403: Forbidden""}]"
SK,Slovakia,Link,https://slovak.statistics.sk/wps/portal/ext/home/!ut/p/z1/04_Sj9CPykssy0xPLMnMz0vMAfIjo8ziA809LZycDB0NLPyCXA08QxwD3IO8TAwNTEz1wwkpiAJKG-AAjgZA_VFgJc7ujh4m5j4GBhY-7qYGno4eoUGWgcbGBo7GUAV4zCjIjTDIdFRUBADse0bP/dz/d5/L2dBISEvZ0FBIS9nQSEh/,UNVERIFIED,Access blocked or rate limited: HTTP 403,403,https://slovak.statistics.sk/wps/portal/ext/home/!ut/p/z1/04_Sj9CPykssy0xPLMnMz0vMAfIjo8ziA809LZycDB0NLPyCXA08QxwD3IO8TAwNTEz1wwkpiAJKG-AAjgZA_VFgJc7ujh4m5j4GBhY-7qYGno4eoUGWgcbGBo7GUAV4zCjIjTDIdFRUBADse0bP/dz/d5/L2dBISEvZ0FBIS9nQSEh/,2026-09-30T07:30:55+00:00,"[{""http_status"":403,""final_url"":""https://slovak.statistics.sk/wps/portal/ext/home/!ut/p/z1/04_Sj9CPykssy0xPLMnMz0vMAfIjo8ziA809LZycDB0NLPyCXA08QxwD3IO8TAwNTEz1wwkpiAJKG-AAjgZA_VFgJc7ujh4m5j4GBhY-7qYGno4eoUGWgcbGBo7GUAV4zCjIjTDIdFRUBADse0bP/dz/d5/L2dBISEvZ0FBIS9nQSEh/"",""title"":"""",""error"":""HTTP Error 403: Forbidden""},{""http_status"":403,""final_url"":""https://slovak.statistics.sk/wps/portal/ext/home/!ut/p/z1/04_Sj9CPykssy0xPLMnMz0vMAfIjo8ziA809LZycDB0NLPyCXA08QxwD3IO8TAwNTEz1wwkpiAJKG-AAjgZA_VFgJc7ujh4m5j4GBhY-7qYGno4eoUGWgcbGBo7GUAV4zCjIjTDIdFRUBADse0bP/dz/d5/L2dBISEvZ0FBIS9nQSEh/"",""title"":"""",""error"":""HTTP Error 403: Forbidden""}]"
SK,Slovakia,Central Bank Website,https://nbs.sk/en/,OK,HTTP 200,200,https://nbs.sk/en/,2026-09-30T07:30:52+00:00,"[{""http_status"":200,""final_url"":""https://nbs.sk/en/"",""title"":""Národná banka Slovenska &#8211; The National Bank of Slovakia (NBS) is the central bank of Slovakia."",""error"":""""}]"
SI,Slovenia,Link,https://www.stat.si/StatWeb/en,UNVERIFIED,<urlopen error [WinError 10054] An existing connection was forcibly closed by the remote host>,,https://www.stat.si/StatWeb/en,2026-09-30T07:31:39+00:00,"[{""http_status"":"""",""final_url"":""https://www.stat.si/StatWeb/en"",""title"":"""",""error"":""<urlopen error [WinError 10054] An existing connection was forcibly closed by the remote host>"",""dns_error"":false},{""http_status"":"""",""final_url"":""https://www.stat.si/StatWeb/en"",""title"":"""",""error"":""<urlopen error [WinError 10054] An existing connection was forcibly closed by the remote host>"",""dns_error"":false}]"
SI,Slovenia,Central Bank Website,https://www.bsi.si/en,OK,HTTP 200,200,https://www.bsi.si/en,2026-09-30T07:31:11+00:00,"[{""http_status"":200,""final_url"":""https://www.bsi.si/en"",""title"":""Banka Slovenije"",""error"":""""}]"
SI,Slovenia,GIS/Geospatial data,https://gis.stat.si/#lang=en,OK,HTTP 200,200,https://gis.stat.si/#lang=en,2026-09-30T07:30:50+00:00,"[{""http_status"":200,""final_url"":""https://gis.stat.si/#lang=en"",""title"":""STAGE 2"",""error"":""""}]"
SB,Solomon Islands,Link,https://www.statistics.gov.sb/,UNVERIFIED,"<urlopen error [SSL: CERTIFICATE_VERIFY_FAILED] certificate verify failed: Hostname mismatch, certificate is not valid for 'www.statistics.gov.sb'. (_ssl.c:1010)>",,https://www.statistics.gov.sb/,2026-09-30T07:31:41+00:00,"[{""http_status"":"""",""final_url"":""https://www.statistics.gov.sb/"",""title"":"""",""error"":""<urlopen error [SSL: CERTIFICATE_VERIFY_FAILED] certificate verify failed: Hostname mismatch, certificate is not valid for 'www.statistics.gov.sb'. (_ssl.c:1010)>"",""dns_error"":false},{""http_status"":"""",""final_url"":""https://www.statistics.gov.sb/"",""title"":"""",""error"":""<urlopen error [SSL: CERTIFICATE_VERIFY_FAILED] certificate verify failed: Hostname mismatch, certificate is not valid for 'www.statistics.gov.sb'. (_ssl.c:1010)>"",""dns_error"":false}]"
SB,Solomon Islands,Central Bank Website,https://www.cbsi.com.sb/,OK,HTTP 200,200,https://www.cbsi.com.sb/,2026-09-30T07:31:14+00:00,"[{""http_status"":200,""final_url"":""https://www.cbsi.com.sb/"",""title"":""Home | Central Bank Solomon Islands"",""error"":""""}]"
SB,Solomon Islands,GIS/Geospatial data,https://solomons.popgis.spc.int/#view=map2&c=indicator,OK,HTTP 200,200,https://solomons.popgis.spc.int/#view=map2&c=indicator,2026-09-30T07:30:54+00:00,"[{""http_status"":200,""final_url"":""https://solomons.popgis.spc.int/#view=map2&c=indicator"",""title"":""PopGIS3 - SOLOMON ISLANDS"",""error"":""""}]"
SO,Somalia,Link,https://www.nbs.gov.so/,OK,HTTP 200,200,https://nbs.gov.so/,2026-09-30T07:31:31+00:00,"[{""http_status"":200,""final_url"":""https://nbs.gov.so/"",""title"":""Home - Somali National Bureau of Statistics"",""error"":""""}]"
SO,Somalia,Microdata,http://microdata.nbs.gov.so/index.php/catalog,OK,HTTP 200,200,https://microdata.nbs.gov.so/index.php/catalog,2026-09-30T07:30:40+00:00,"[{""http_status"":200,""final_url"":""https://microdata.nbs.gov.so/index.php/catalog"",""title"":""Data Catalog"",""error"":""""}]"
SO,Somalia,Central Bank Website,https://centralbank.gov.so/,UNVERIFIED,Access blocked or rate limited: HTTP 403,403,https://centralbank.gov.so/,2026-09-30T07:30:49+00:00,"[{""http_status"":403,""final_url"":""https://centralbank.gov.so/"",""title"":"""",""error"":""HTTP Error 403: Forbidden""},{""http_status"":403,""final_url"":""https://centralbank.gov.so/"",""title"":"""",""error"":""HTTP Error 403: Forbidden""}]"
ZA,South Africa,Link,http://www.statssa.gov.za/,OK,HTTP 200,200,https://www.statssa.gov.za/,2026-09-30T07:30:45+00:00,"[{""http_status"":200,""final_url"":""https://www.statssa.gov.za/"",""title"":"""",""error"":""""}]"
ZA,South Africa,Central Bank Website,https://www.resbank.co.za/,OK,HTTP 200,200,https://www.resbank.co.za/,2026-09-30T07:31:40+00:00,"[{""http_status"":"""",""final_url"":""https://www.resbank.co.za/"",""title"":"""",""error"":""<urlopen error [WinError 10054] An existing connection was forcibly closed by the remote host>"",""dns_error"":false},{""http_status"":200,""final_url"":""https://www.resbank.co.za/"",""title"":""Home"",""error"":""""}]"
KR,South Korea,Link,http://kostat.go.kr/portal/eng/index.action,REVIEW,<urlopen error Cross-domain redirect not followed: https://mods.go.kr/portal/eng/index.action>,,http://kostat.go.kr/portal/eng/index.action,2026-09-30T07:30:39+00:00,"[{""http_status"":"""",""final_url"":""http://kostat.go.kr/portal/eng/index.action"",""title"":"""",""error"":""<urlopen error Cross-domain redirect not followed: https://mods.go.kr/portal/eng/index.action>"",""redirect_target"":""https://mods.go.kr/portal/eng/index.action""}]"
KR,South Korea,Central Bank Website,https://www.bok.or.kr/eng/main/main.do,OK,HTTP 200,200,https://www.bok.or.kr/eng/main/main.do,2026-09-30T07:31:09+00:00,"[{""http_status"":200,""final_url"":""https://www.bok.or.kr/eng/main/main.do"",""title"":""Bank of Korea"",""error"":""""}]"
SS,South Sudan,Central Bank Website,https://boss.gov.ss/,OK,HTTP 200,200,https://boss.gov.ss/,2026-09-30T07:30:49+00:00,"[{""http_status"":200,""final_url"":""https://boss.gov.ss/"",""title"":""Home - BoSS Bank of South Sudan"",""error"":""""}]"
ES,Spain,Link,https://www.ine.es/en/,UNVERIFIED,<urlopen error [SSL: CERTIFICATE_VERIFY_FAILED] certificate verify failed: self-signed certificate in certificate chain (_ssl.c:1010)>,,https://www.ine.es/en/,2026-09-30T07:31:23+00:00,"[{""http_status"":"""",""final_url"":""https://www.ine.es/en/"",""title"":"""",""error"":""<urlopen error [SSL: CERTIFICATE_VERIFY_FAILED] certificate verify failed: self-signed certificate in certificate chain (_ssl.c:1010)>"",""dns_error"":false},{""http_status"":"""",""final_url"":""https://www.ine.es/en/"",""title"":"""",""error"":""<urlopen error [SSL: CERTIFICATE_VERIFY_FAILED] certificate verify failed: self-signed certificate in certificate chain (_ssl.c:1010)>"",""dns_error"":false}]"
ES,Spain,Central Bank Website,https://www.bde.es/bde/en/,OK,HTTP 200,200,https://www.bde.es/wbe/en/,2026-09-30T07:31:05+00:00,"[{""http_status"":200,""final_url"":""https://www.bde.es/wbe/en/"",""title"":""Banco de España"",""error"":""""}]"
LK,Sri Lanka,Link,http://www.statistics.gov.lk/,OK,HTTP 200,200,http://www.statistics.gov.lk/,2026-09-30T07:30:48+00:00,"[{""http_status"":200,""final_url"":""http://www.statistics.gov.lk/"",""title"":""Department of Census and Statistics"",""error"":""""}]"
LK,Sri Lanka,Central Bank Website,https://www.cbsl.gov.lk/,OK,HTTP 200,200,https://www.cbsl.gov.lk/,2026-09-30T07:31:15+00:00,"[{""http_status"":200,""final_url"":""https://www.cbsl.gov.lk/"",""title"":""Central Bank of Sri Lanka"",""error"":""""}]"
SD,Sudan,Central Bank Website,https://cbos.gov.sd/en,OK,HTTP 200,200,https://cbos.gov.sd/en,2026-09-30T07:30:48+00:00,"[{""http_status"":200,""final_url"":""https://cbos.gov.sd/en"",""title"":""CBOS"",""error"":""""}]"
SR,Suriname,Link,https://statistics-suriname.org/en/,OK,HTTP 200,200,https://statistics-suriname.org/enhanced-general-data-dissemination-standard-egdds/,2026-09-30T07:30:56+00:00,"[{""http_status"":200,""final_url"":""https://statistics-suriname.org/enhanced-general-data-dissemination-standard-egdds/"",""title"":""Enhanced General Data Dissemination Standard EGDDS - Algemeen Bureau voor de Statistiek in Suriname"",""error"":""""}]"
SR,Suriname,Central Bank Website,https://www.cbvs.sr/,OK,HTTP 200,200,https://www.cbvs.sr/,2026-09-30T07:31:15+00:00,"[{""http_status"":200,""final_url"":""https://www.cbvs.sr/"",""title"":""Home - Centrale Bank van Suriname"",""error"":""""}]"
SJ,Svalbard and Jan Mayen,Link,https://www.ssb.no/en/svalbard,OK,HTTP 200,200,https://www.ssb.no/en/svalbard,2026-09-30T07:31:37+00:00,"[{""http_status"":200,""final_url"":""https://www.ssb.no/en/svalbard"",""title"":""Svalbard – SSB"",""error"":""""}]"
SJ,Svalbard and Jan Mayen,Central Bank Website,https://www.norges-bank.no/en/,OK,HTTP 200,200,https://www.norges-bank.no/en/,2026-09-30T07:31:29+00:00,"[{""http_status"":200,""final_url"":""https://www.norges-bank.no/en/"",""title"":""Norges Bank"",""error"":""""}]"
SZ,Eswatini,Link,https://swaziland.opendataforafrica.org/data#source=Central+Statistics+Office+of+Swaziland,OK,HTTP 200,200,https://swaziland.opendataforafrica.org/data#source=Central+Statistics+Office+of+Swaziland,2026-09-30T07:30:57+00:00,"[{""http_status"":200,""final_url"":""https://swaziland.opendataforafrica.org/data#source=Central+Statistics+Office+of+Swaziland"",""title"":""Data Catalog - Swaziland Data Portal"",""error"":""""}]"
SZ,Eswatini,Central Bank Website,https://www.centralbank.org.sz/,OK,HTTP 200,200,https://www.centralbank.org.sz/,2026-09-30T07:31:17+00:00,"[{""http_status"":200,""final_url"":""https://www.centralbank.org.sz/"",""title"":""Central Bank &#8211; Umntsholi wemaswati"",""error"":""""}]"
SE,Sweden,Link,https://www.scb.se/en/,OK,HTTP 200,200,https://www.scb.se/en/,2026-09-30T07:31:36+00:00,"[{""http_status"":200,""final_url"":""https://www.scb.se/en/"",""title"":""Statistics Sweden"",""error"":""""}]"
SE,Sweden,Microdata,https://www.scb.se/en/services/ordering-data-and-statistics/ordering-microdata/,OK,HTTP 200,200,https://www.scb.se/en/services/ordering-data-and-statistics/microdata/,2026-09-30T07:31:37+00:00,"[{""http_status"":200,""final_url"":""https://www.scb.se/en/services/ordering-data-and-statistics/microdata/"",""title"":""Microdata"",""error"":""""}]"
SE,Sweden,Central Bank Website,https://www.riksbank.se/en-gb/,OK,HTTP 200,200,https://www.riksbank.se/en-gb/,2026-09-30T07:31:34+00:00,"[{""http_status"":200,""final_url"":""https://www.riksbank.se/en-gb/"",""title"":""Start | Sveriges Riksbank"",""error"":""""}]"
CH,Switzerland,Link,https://www.bfs.admin.ch/bfs/en/home.html,OK,HTTP 200,200,https://www.bfs.admin.ch/bfs/en/home.html,2026-09-30T07:31:05+00:00,"[{""http_status"":200,""final_url"":""https://www.bfs.admin.ch/bfs/en/home.html"",""title"":""Federal Statistical Office | Federal Statistical Office - FSO"",""error"":""""}]"
CH,Switzerland,Microdata,https://www.bfs.admin.ch/bfs/en/home/basics/surveys.html,OK,HTTP 200,200,https://www.bfs.admin.ch/bfs/en/home/basics/surveys.html,2026-09-30T07:31:06+00:00,"[{""http_status"":200,""final_url"":""https://www.bfs.admin.ch/bfs/en/home/basics/surveys.html"",""title"":""Surveys | Federal Statistical Office - FSO"",""error"":""""}]"
CH,Switzerland,Central Bank Website,https://www.snb.ch/en/,OK,HTTP 200,200,https://www.snb.ch/en/,2026-09-30T07:31:37+00:00,"[{""http_status"":200,""final_url"":""https://www.snb.ch/en/"",""title"":""SNB BNS"",""error"":""""}]"
SY,Syria,Link,http://cbssyr.sy/index-EN.htm,OK,HTTP 200,200,http://cbssyr.sy/index-EN.htm,2026-09-30T07:30:39+00:00,"[{""http_status"":200,""final_url"":""http://cbssyr.sy/index-EN.htm"",""title"":""cbssyr.sy"",""error"":""""}]"
SY,Syria,Central Bank Website,https://cb.gov.sy/,UNVERIFIED,<urlopen error [SSL: CERTIFICATE_VERIFY_FAILED] certificate verify failed: unable to get local issuer certificate (_ssl.c:1010)>,,https://cb.gov.sy/,2026-09-30T07:30:49+00:00,"[{""http_status"":"""",""final_url"":""https://cb.gov.sy/"",""title"":"""",""error"":""<urlopen error [SSL: CERTIFICATE_VERIFY_FAILED] certificate verify failed: unable to get local issuer certificate (_ssl.c:1010)>"",""dns_error"":false},{""http_status"":"""",""final_url"":""https://cb.gov.sy/"",""title"":"""",""error"":""<urlopen error [SSL: CERTIFICATE_VERIFY_FAILED] certificate verify failed: unable to get local issuer certificate (_ssl.c:1010)>"",""dns_error"":false}]"
TW,Taiwan,Link,https://eng.stat.gov.tw/mp.asp?mp=5,UNVERIFIED,<urlopen error [SSL: CERTIFICATE_VERIFY_FAILED] certificate verify failed: unable to get local issuer certificate (_ssl.c:1010)>,,https://eng.stat.gov.tw/mp.asp?mp=5,2026-09-30T07:30:50+00:00,"[{""http_status"":"""",""final_url"":""https://eng.stat.gov.tw/mp.asp?mp=5"",""title"":"""",""error"":""<urlopen error [SSL: CERTIFICATE_VERIFY_FAILED] certificate verify failed: unable to get local issuer certificate (_ssl.c:1010)>"",""dns_error"":false},{""http_status"":"""",""final_url"":""https://eng.stat.gov.tw/mp.asp?mp=5"",""title"":"""",""error"":""<urlopen error [SSL: CERTIFICATE_VERIFY_FAILED] certificate verify failed: unable to get local issuer certificate (_ssl.c:1010)>"",""dns_error"":false}]"
TW,Taiwan,Central Bank Website,http://www.pbc.gov.cn/en/3688006/index.html,UNVERIFIED,<urlopen error [SSL: CERTIFICATE_VERIFY_FAILED] certificate verify failed: self-signed certificate in certificate chain (_ssl.c:1010)>,,http://www.pbc.gov.cn/en/3688006/index.html,2026-09-30T07:30:46+00:00,"[{""http_status"":"""",""final_url"":""http://www.pbc.gov.cn/en/3688006/index.html"",""title"":"""",""error"":""<urlopen error [SSL: CERTIFICATE_VERIFY_FAILED] certificate verify failed: self-signed certificate in certificate chain (_ssl.c:1010)>"",""dns_error"":false},{""http_status"":"""",""final_url"":""http://www.pbc.gov.cn/en/3688006/index.html"",""title"":"""",""error"":""<urlopen error [SSL: CERTIFICATE_VERIFY_FAILED] certificate verify failed: self-signed certificate in certificate chain (_ssl.c:1010)>"",""dns_error"":false}]"
TJ,Tajikistan,Link,https://www.stat.tj/en/,OK,HTTP 200,200,https://www.stat.tj/en/,2026-09-30T07:31:40+00:00,"[{""http_status"":200,""final_url"":""https://www.stat.tj/en/"",""title"":""Agency on statistics under the President of the Republic of Tajikistan"",""error"":""""}]"
TJ,Tajikistan,Central Bank Website,https://www.nbt.tj/en/,OK,HTTP 200,200,https://www.nbt.tj/en/,2026-09-30T07:31:31+00:00,"[{""http_status"":200,""final_url"":""https://www.nbt.tj/en/"",""title"":""National bank of Tajikistan"",""error"":""""}]"
TZ,Tanzania,Link,https://www.nbs.go.tz/index.php/en/,BROKEN,Repeated HTTP 404,404,https://www.nbs.go.tz/index.php/en,2026-09-30T07:31:34+00:00,"[{""http_status"":404,""final_url"":""https://www.nbs.go.tz/index.php/en"",""title"":"""",""error"":""HTTP Error 404: Not Found""},{""http_status"":404,""final_url"":""https://www.nbs.go.tz/index.php/en"",""title"":"""",""error"":""HTTP Error 404: Not Found""}]"
TZ,Tanzania,Central Bank Website,https://www.bot.go.tz/,OK,HTTP 200,200,https://www.bot.go.tz/,2026-09-30T07:31:10+00:00,"[{""http_status"":200,""final_url"":""https://www.bot.go.tz/"",""title"":""Home Page - Bank of Tanzania"",""error"":""""}]"
TH,Thailand,Link,http://web.nso.go.th/index.htm,UNVERIFIED,Repeated DNS resolution failure,,http://web.nso.go.th/index.htm,2026-09-30T07:30:40+00:00,"[{""http_status"":"""",""final_url"":""http://web.nso.go.th/index.htm"",""title"":"""",""error"":""<urlopen error [Errno 11001] getaddrinfo failed>"",""dns_error"":true},{""http_status"":"""",""final_url"":""http://web.nso.go.th/index.htm"",""title"":"""",""error"":""<urlopen error [Errno 11001] getaddrinfo failed>"",""dns_error"":true}]"
TH,Thailand,Central Bank Website,https://www.bot.or.th/English/Pages/default.aspx,BROKEN,Repeated HTTP 404,404,https://www.bot.or.th/English/Pages/default.aspx,2026-09-30T07:31:10+00:00,"[{""http_status"":404,""final_url"":""https://www.bot.or.th/English/Pages/default.aspx"",""title"":"""",""error"":""HTTP Error 404: Not Found""},{""http_status"":404,""final_url"":""https://www.bot.or.th/English/Pages/default.aspx"",""title"":"""",""error"":""HTTP Error 404: Not Found""}]"
TG,Togo,Link,https://inseed.tg/,OK,HTTP 200,200,https://inseed.tg/,2026-09-30T07:30:51+00:00,"[{""http_status"":200,""final_url"":""https://inseed.tg/"",""title"":""INSEED &#8211; Institut National de la Statistique et des Etudes Économiques et Démographiques"",""error"":""""}]"
TG,Togo,Central Bank Website,http://www.bceao.int/,REVIEW,Original HTTP URL failed; HTTPS alternative responds,,http://www.bceao.int/,2026-09-30T07:30:41+00:00,"[{""http_status"":"""",""final_url"":""http://www.bceao.int/"",""title"":"""",""error"":""<urlopen error [Errno 11001] getaddrinfo failed>"",""dns_error"":true},{""http_status"":"""",""final_url"":""http://www.bceao.int/"",""title"":"""",""error"":""<urlopen error [Errno 11001] getaddrinfo failed>"",""dns_error"":true},{""http_status"":200,""final_url"":""https://www.bceao.int/"",""title"":""BCEAO | Banque Centrale des Etats de l’Afrique de l’Ouest"",""error"":""""}]"
TK,Tokelau,Link,https://www.tokelau.org.nz/Tokelau+Government/Government+Departments/Office+of+the+Council+for+the+Ongoing+Government+OCOG/Tokelau+National+Statistics+Office.html,OK,HTTP 200,200,https://www.tokelau.org.nz/Tokelau+Government/Government+Departments/Office+of+the+Council+for+the+Ongoing+Government+OCOG/Tokelau+National+Statistics+Office.html,2026-09-30T07:31:43+00:00,"[{""http_status"":200,""final_url"":""https://www.tokelau.org.nz/Tokelau+Government/Government+Departments/Office+of+the+Council+for+the+Ongoing+Government+OCOG/Tokelau+National+Statistics+Office.html"",""title"":""Tokelau National Statistics Office"",""error"":""""}]"
TK,Tokelau,Central Bank Website,https://www.rbnz.govt.nz/,UNVERIFIED,Access blocked or rate limited: HTTP 403,403,https://www.rbnz.govt.nz/,2026-09-30T07:31:34+00:00,"[{""http_status"":403,""final_url"":""https://www.rbnz.govt.nz/"",""title"":"""",""error"":""HTTP Error 403: Forbidden""},{""http_status"":403,""final_url"":""https://www.rbnz.govt.nz/"",""title"":"""",""error"":""HTTP Error 403: Forbidden""}]"
TO,Tonga,Link,https://tongastats.gov.to/,OK,HTTP 200,200,https://tongastats.gov.to/,2026-09-30T07:30:59+00:00,"[{""http_status"":200,""final_url"":""https://tongastats.gov.to/"",""title"":""Tonga Statistics Department | The official statistics provider for Tonga"",""error"":""""}]"
TO,Tonga,Central Bank Website,http://www.reservebank.to/,OK,HTTP 200,200,https://www.reservebank.to/,2026-09-30T07:30:45+00:00,"[{""http_status"":200,""final_url"":""https://www.reservebank.to/"",""title"":""www.reservebank.to"",""error"":""""}]"
TT,Trinidad and Tobago,Link,https://cso.gov.tt/,UNVERIFIED,Access blocked or rate limited: HTTP 403,403,https://cso.gov.tt/,2026-09-30T07:30:51+00:00,"[{""http_status"":403,""final_url"":""https://cso.gov.tt/"",""title"":"""",""error"":""HTTP Error 403: Forbidden""},{""http_status"":403,""final_url"":""https://cso.gov.tt/"",""title"":"""",""error"":""HTTP Error 403: Forbidden""}]"
TT,Trinidad and Tobago,Central Bank Website,https://www.central-bank.org.tt/,OK,HTTP 200,200,https://www.central-bank.org.tt/,2026-09-30T07:31:14+00:00,"[{""http_status"":200,""final_url"":""https://www.central-bank.org.tt/"",""title"":""Central Bank of Trinidad and Tobago"",""error"":""""}]"
TN,Tunisia,Link,http://ins.tn/en,OK,HTTP 200,200,https://ins.tn/en,2026-09-30T07:30:40+00:00,"[{""http_status"":200,""final_url"":""https://ins.tn/en"",""title"":""| INS"",""error"":""""}]"
TN,Tunisia,Central Bank Website,https://www.bct.gov.tn/bct/siteprod/index.jsp,OK,HTTP 200,200,https://www.bct.gov.tn/bct/siteprod/index.jsp,2026-09-30T07:31:04+00:00,"[{""http_status"":200,""final_url"":""https://www.bct.gov.tn/bct/siteprod/index.jsp"",""title"":""Banque Centrale de Tunisie, Accueil"",""error"":""""}]"
TR,Turkey,Link,https://www.tuik.gov.tr/Home/Index,OK,HTTP 200,200,https://www.tuik.gov.tr/Home/Index,2026-09-30T07:31:43+00:00,"[{""http_status"":200,""final_url"":""https://www.tuik.gov.tr/Home/Index"",""title"":""T&#xFC;rkiye &#x130;statistik Kurumu (T&#xDC;&#x130;K)"",""error"":""""}]"
TR,Turkey,Central Bank Website,https://www.tcmb.gov.tr/wps/wcm/connect/en/tcmb+en,OK,HTTP 200,200,https://www.tcmb.gov.tr/wps/wcm/connect/en/tcmb+en,2026-09-30T07:31:42+00:00,"[{""http_status"":200,""final_url"":""https://www.tcmb.gov.tr/wps/wcm/connect/en/tcmb+en"",""title"":""TCMB"",""error"":""""}]"
TM,Turkmenistan,Link,https://www.stat.gov.tm/,OK,HTTP 200,200,https://www.stat.gov.tm/,2026-09-30T07:31:39+00:00,"[{""http_status"":200,""final_url"":""https://www.stat.gov.tm/"",""title"":""Türkmenistanyň Statistika baradaky döwlet komiteti"",""error"":""""}]"
TM,Turkmenistan,Central Bank Website,https://www.cbt.tm/en/,OK,HTTP 200,200,https://www.cbt.tm/en/,2026-09-30T07:31:15+00:00,"[{""http_status"":200,""final_url"":""https://www.cbt.tm/en/"",""title"":""Central Bank of Turkmenistan"",""error"":""""}]"
TC,Turks and Caicos Islands,Link,https://www.gov.tc/stats/,OK,HTTP 200,200,https://www.gov.tc/stats/,2026-09-30T07:31:21+00:00,"[{""http_status"":200,""final_url"":""https://www.gov.tc/stats/"",""title"":""Statistics Authority | Government of the Turks and Caicos Islands"",""error"":""""}]"
TC,Turks and Caicos Islands,Microdata,https://www.gov.tc/stats/surveys,OK,HTTP 200,200,https://www.gov.tc/stats/surveys,2026-09-30T07:31:21+00:00,"[{""http_status"":200,""final_url"":""https://www.gov.tc/stats/surveys"",""title"":""Surveys"",""error"":""""}]"
TC,Turks and Caicos Islands,Central Bank Website,https://tcifsc.tc/,OK,HTTP 200,200,https://www.tcifsc.tc/,2026-09-30T07:30:57+00:00,"[{""http_status"":200,""final_url"":""https://www.tcifsc.tc/"",""title"":""Turks and Caicos Islands Financial Services Commission | Home"",""error"":""""}]"
TV,Tuvalu,Link,https://stats.gov.tv/,OK,HTTP 200,200,https://stats.gov.tv/,2026-09-30T07:30:59+00:00,"[{""http_status"":200,""final_url"":""https://stats.gov.tv/"",""title"":""Tuvalu Central Statistics Division | Tuvalu mo te Atua"",""error"":""""}]"
VI,U.S. Virgin Islands,Central Bank Website,https://www.federalreserve.gov/,OK,HTTP 200,200,https://www.federalreserve.gov/,2026-09-30T07:31:19+00:00,"[{""http_status"":200,""final_url"":""https://www.federalreserve.gov/"",""title"":""Federal Reserve Board - Home"",""error"":""""}]"
UG,Uganda,Link,https://www.ubos.org/,OK,HTTP 200,200,https://www.ubos.org/,2026-09-30T07:31:44+00:00,"[{""http_status"":200,""final_url"":""https://www.ubos.org/"",""title"":""Home - Uganda Bureau of Statistics"",""error"":""""}]"
UG,Uganda,Central Bank Website,https://www.bou.or.ug/bou/bouwebsite/BOU-HOME,OK,HTTP 200,200,https://www.bou.or.ug/bou/bouwebsite/BOU-HOME,2026-09-30T07:31:09+00:00,"[{""http_status"":200,""final_url"":""https://www.bou.or.ug/bou/bouwebsite/BOU-HOME"",""title"":""Bank of Uganda"",""error"":""""}]"
UA,Ukraine,Link,https://ukrstat.org/en,SECURITY REVIEW,Redirects to unrelated site pelajarindo.com/sketsa-hewan/; destination not visited. Connection to the user-reported phishing alert is unconfirmed.,,https://ukrstat.org/en,2026-09-30T07:30:57+00:00,"[{""http_status"":"""",""final_url"":""https://ukrstat.org/en"",""title"":"""",""error"":""<urlopen error Cross-domain redirect not followed: https://pelajarindo.com/sketsa-hewan/>"",""redirect_target"":""https://pelajarindo.com/sketsa-hewan/""}]"
UA,Ukraine,Central Bank Website,https://bank.gov.ua/en/,REVIEW,"Possible error, parked domain, or bot challenge: Not found",200,https://bank.gov.ua/en/,2026-09-30T07:30:46+00:00,"[{""http_status"":200,""final_url"":""https://bank.gov.ua/en/"",""title"":""Not found"",""error"":""""}]"
AE,United Arab Emirates,Link,https://www.dsc.gov.ae/en-us/Pages/default.aspx,REVIEW,<urlopen error Cross-domain redirect not followed: https://data.dubai/services>,,https://www.dsc.gov.ae/en-us/Pages/default.aspx,2026-09-30T07:31:18+00:00,"[{""http_status"":"""",""final_url"":""https://www.dsc.gov.ae/en-us/Pages/default.aspx"",""title"":"""",""error"":""<urlopen error Cross-domain redirect not followed: https://data.dubai/services>"",""redirect_target"":""https://data.dubai/services""}]"
AE,United Arab Emirates,Central Bank Website,https://www.centralbank.ae/en,UNVERIFIED,Access blocked or rate limited: HTTP 403,403,https://centralbank.ae/en,2026-09-30T07:31:16+00:00,"[{""http_status"":403,""final_url"":""https://centralbank.ae/en"",""title"":"""",""error"":""HTTP Error 403: Forbidden""},{""http_status"":403,""final_url"":""https://centralbank.ae/en"",""title"":"""",""error"":""HTTP Error 403: Forbidden""}]"
GB,United Kingdom,Link,https://www.ons.gov.uk/,OK,HTTP 200,200,https://www.ons.gov.uk/,2026-09-30T07:31:31+00:00,"[{""http_status"":200,""final_url"":""https://www.ons.gov.uk/"",""title"":""Home - Office for National Statistics"",""error"":""""}]"
GB,United Kingdom,Central Bank Website,https://www.bankofengland.co.uk/,OK,HTTP 200,200,https://www.bankofengland.co.uk/,2026-09-30T07:31:00+00:00,"[{""http_status"":200,""final_url"":""https://www.bankofengland.co.uk/"",""title"":""Home | Bank of England – the UK&#39;s central bank"",""error"":""""}]"
US,United States,Link,https://www.bls.gov/bls/other.htm,UNVERIFIED,Access blocked or rate limited: HTTP 403,403,https://www.bls.gov/bls/other.htm,2026-09-30T07:31:06+00:00,"[{""http_status"":403,""final_url"":""https://www.bls.gov/bls/other.htm"",""title"":"""",""error"":""HTTP Error 403: Forbidden""},{""http_status"":403,""final_url"":""https://www.bls.gov/bls/other.htm"",""title"":"""",""error"":""HTTP Error 403: Forbidden""}]"
US,United States,Central Bank Website,https://www.federalreserve.gov/,OK,HTTP 200,200,https://www.federalreserve.gov/,2026-09-30T07:31:19+00:00,"[{""http_status"":200,""final_url"":""https://www.federalreserve.gov/"",""title"":""Federal Reserve Board - Home"",""error"":""""}]"
UY,Uruguay,Link,https://www.ine.gub.uy/,REVIEW,<urlopen error Cross-domain redirect not followed: https://www.gub.uy/instituto-nacional-estadistica/>,,https://www.ine.gub.uy/,2026-09-30T07:31:23+00:00,"[{""http_status"":"""",""final_url"":""https://www.ine.gub.uy/"",""title"":"""",""error"":""<urlopen error Cross-domain redirect not followed: https://www.gub.uy/instituto-nacional-estadistica/>"",""redirect_target"":""https://www.gub.uy/instituto-nacional-estadistica/""}]"
UY,Uruguay,Microdata,https://www.gub.uy/instituto-nacional-estadistica/datos-y-estadisticas/datos-abiertos,OK,HTTP 200,200,https://www.gub.uy/instituto-nacional-estadistica/datos-y-estadisticas/datos-abiertos,2026-09-30T07:31:27+00:00,"[{""http_status"":"""",""final_url"":""https://www.gub.uy/instituto-nacional-estadistica/datos-y-estadisticas/datos-abiertos"",""title"":"""",""error"":""<urlopen error [WinError 10054] An existing connection was forcibly closed by the remote host>"",""dns_error"":false},{""http_status"":200,""final_url"":""https://www.gub.uy/instituto-nacional-estadistica/datos-y-estadisticas/datos-abiertos"",""title"":""Datos Abiertos | Instituto Nacional de Estadística"",""error"":""""}]"
UY,Uruguay,Central Bank Website,https://www.bcu.gub.uy/Ingles,UNVERIFIED,<urlopen error [SSL: CERTIFICATE_VERIFY_FAILED] certificate verify failed: unable to get local issuer certificate (_ssl.c:1010)>,,https://www.bcu.gub.uy/Ingles,2026-09-30T07:31:05+00:00,"[{""http_status"":"""",""final_url"":""https://www.bcu.gub.uy/Ingles"",""title"":"""",""error"":""<urlopen error [SSL: CERTIFICATE_VERIFY_FAILED] certificate verify failed: unable to get local issuer certificate (_ssl.c:1010)>"",""dns_error"":false},{""http_status"":"""",""final_url"":""https://www.bcu.gub.uy/Ingles"",""title"":"""",""error"":""<urlopen error [SSL: CERTIFICATE_VERIFY_FAILED] certificate verify failed: unable to get local issuer certificate (_ssl.c:1010)>"",""dns_error"":false}]"
UZ,Uzbekistan,Link,https://stat.uz/en/,OK,HTTP 200,200,https://stat.uz/en/,2026-09-30T07:30:57+00:00,"[{""http_status"":200,""final_url"":""https://stat.uz/en/"",""title"":""National Committee of the Republic of Uzbekistan on Statistics"",""error"":""""}]"
UZ,Uzbekistan,Central Bank Website,https://cbu.uz/en/,OK,HTTP 200,200,https://cbu.uz/en/,2026-09-30T07:30:51+00:00,"[{""http_status"":200,""final_url"":""https://cbu.uz/en/"",""title"":""The Central Bank of the Republic of Uzbekistan"",""error"":""""}]"
VU,Vanuatu,Link,https://vnso.gov.vu/index.php/en/,OK,HTTP 200,200,https://vnso.gov.vu/index.php/en/,2026-09-30T07:30:58+00:00,"[{""http_status"":200,""final_url"":""https://vnso.gov.vu/index.php/en/"",""title"":""Vanuatu Bureau of Statistics"",""error"":""""}]"
VU,Vanuatu,Central Bank Website,https://www.rbv.gov.vu/index.php/en/,UNVERIFIED,<urlopen error [SSL: CERTIFICATE_VERIFY_FAILED] certificate verify failed: unable to get local issuer certificate (_ssl.c:1010)>,,https://www.rbv.gov.vu/index.php/en/,2026-09-30T07:31:35+00:00,"[{""http_status"":"""",""final_url"":""https://www.rbv.gov.vu/index.php/en/"",""title"":"""",""error"":""<urlopen error [SSL: CERTIFICATE_VERIFY_FAILED] certificate verify failed: unable to get local issuer certificate (_ssl.c:1010)>"",""dns_error"":false},{""http_status"":"""",""final_url"":""https://www.rbv.gov.vu/index.php/en/"",""title"":"""",""error"":""<urlopen error [SSL: CERTIFICATE_VERIFY_FAILED] certificate verify failed: unable to get local issuer certificate (_ssl.c:1010)>"",""dns_error"":false}]"
VE,Venezuela,Central Bank Website,http://www.bcv.org.ve/,OK,HTTP 200,200,https://www.bcv.org.ve:443/,2026-09-30T07:30:40+00:00,"[{""http_status"":200,""final_url"":""https://www.bcv.org.ve:443/"",""title"":""Banco Central de Venezuela |"",""error"":""""}]"
VN,Vietnam,Link,https://www.gso.gov.vn/en/homepage/,UNVERIFIED,Repeated DNS resolution failure,,https://www.gso.gov.vn/en/homepage/,2026-09-30T07:31:21+00:00,"[{""http_status"":"""",""final_url"":""https://www.gso.gov.vn/en/homepage/"",""title"":"""",""error"":""<urlopen error [Errno 11001] getaddrinfo failed>"",""dns_error"":true},{""http_status"":"""",""final_url"":""https://www.gso.gov.vn/en/homepage/"",""title"":"""",""error"":""<urlopen error [Errno 11001] getaddrinfo failed>"",""dns_error"":true}]"
VN,Vietnam,Central Bank Website,https://www.sbv.gov.vn/,OK,HTTP 200,200,https://sbv.gov.vn/vi/trang-chu,2026-09-30T07:31:43+00:00,"[{""http_status"":200,""final_url"":""https://sbv.gov.vn/vi/trang-chu"",""title"":""Trang Chủ - Ngân hàng Nhà nước Việt Nam"",""error"":""""}]"
WF,Wallis and Futuna,Link,https://sdd.spc.int/wf,OK,HTTP 200,200,https://sdd.spc.int/wf,2026-09-30T07:30:55+00:00,"[{""http_status"":200,""final_url"":""https://sdd.spc.int/wf"",""title"":""Wallis and Futuna | Statistics for Development Division"",""error"":""""}]"
WF,Wallis and Futuna,Microdata,https://sdd.spc.int/microdata-library,OK,HTTP 200,200,https://sdd.spc.int/microdata-library,2026-09-30T07:30:54+00:00,"[{""http_status"":200,""final_url"":""https://sdd.spc.int/microdata-library"",""title"":""Microdata Library | Statistics for Development Division"",""error"":""""}]"
WF,Wallis and Futuna,Central Bank Website,https://www.banque-france.fr/en/banque-de-france/about-banque-de-france/bank-locations/mayotte-en,BROKEN,Repeated HTTP 404,404,https://www.banque-france.fr/en/banque-de-france/about-banque-de-france/bank-locations/mayotte-en,2026-09-30T07:31:02+00:00,"[{""http_status"":404,""final_url"":""https://www.banque-france.fr/en/banque-de-france/about-banque-de-france/bank-locations/mayotte-en"",""title"":"""",""error"":""HTTP Error 404: Not Found""},{""http_status"":404,""final_url"":""https://www.banque-france.fr/en/banque-de-france/about-banque-de-france/bank-locations/mayotte-en"",""title"":"""",""error"":""HTTP Error 404: Not Found""}]"
EH,Western Sahara,Central Bank Website,https://crasadr.com/,OK,HTTP 200,200,https://crasadr.com/,2026-09-30T07:30:49+00:00,"[{""http_status"":200,""final_url"":""https://crasadr.com/"",""title"":""crasadr"",""error"":""""}]"
YE,Yemen,Link,http://www.cso-yemen.com/content.php?do=pcat&cid=1,UNVERIFIED,Access blocked or rate limited: HTTP 403,403,https://www.cso-yemen.com/content.php?do=pcat&cid=1,2026-09-30T07:30:43+00:00,"[{""http_status"":403,""final_url"":""https://www.cso-yemen.com/content.php?do=pcat&cid=1"",""title"":"""",""error"":""HTTP Error 403: Forbidden""},{""http_status"":403,""final_url"":""https://www.cso-yemen.com/content.php?do=pcat&cid=1"",""title"":"""",""error"":""HTTP Error 403: Forbidden""}]"
YE,Yemen,Central Bank Website,http://centralbank.gov.ye/,UNVERIFIED,<urlopen error timed out>,,http://centralbank.gov.ye/,2026-09-30T07:31:25+00:00,"[{""http_status"":"""",""final_url"":""http://centralbank.gov.ye/"",""title"":"""",""error"":""<urlopen error timed out>"",""dns_error"":false},{""http_status"":"""",""final_url"":""http://centralbank.gov.ye/"",""title"":"""",""error"":""<urlopen error timed out>"",""dns_error"":false}]"
ZM,Zambia,Link,https://www.zamstats.gov.zm/,OK,HTTP 200,200,https://www.zamstats.gov.zm/,2026-09-30T07:31:49+00:00,"[{""http_status"":200,""final_url"":""https://www.zamstats.gov.zm/"",""title"":""Home - Zambia Statistics Agency"",""error"":""""}]"
ZM,Zambia,Central Bank Website,https://www.boz.zm/,OK,HTTP 200,200,https://www.boz.zm/,2026-09-30T07:31:10+00:00,"[{""http_status"":200,""final_url"":""https://www.boz.zm/"",""title"":""Bank of Zambia"",""error"":""""}]"
ZW,Zimbabwe,Link,https://www.zimstat.co.zw/,OK,HTTP 200,200,https://zimstat.co.zw/,2026-09-30T07:31:45+00:00,"[{""http_status"":200,""final_url"":""https://zimstat.co.zw/"",""title"":""Home - ZIMSTAT"",""error"":""""}]"
ZW,Zimbabwe,Microdata,http://nada.zimstat.co.zw/nada/index.php/catalog,UNVERIFIED,<urlopen error timed out>,,http://nada.zimstat.co.zw/nada/index.php/catalog,2026-09-30T07:31:25+00:00,"[{""http_status"":"""",""final_url"":""http://nada.zimstat.co.zw/nada/index.php/catalog"",""title"":"""",""error"":""<urlopen error timed out>"",""dns_error"":false},{""http_status"":"""",""final_url"":""http://nada.zimstat.co.zw/nada/index.php/catalog"",""title"":"""",""error"":""<urlopen error timed out>"",""dns_error"":false}]"
ZW,Zimbabwe,Central Bank Website,https://www.rbz.co.zw/,OK,HTTP 200,200,https://www.rbz.co.zw/,2026-09-30T07:31:35+00:00,"[{""http_status"":200,""final_url"":""https://www.rbz.co.zw/"",""title"":""HOME"",""error"":""""}]"
CA,Canada,Microdata,https://www.statcan.gc.ca/en/microdata,SOURCE VERIFIED,Official/recognized catalog identified; direct HTTP check not performed,Not tested,https://www.statcan.gc.ca/en/microdata,2026-09-30T07:35:30+00:00,Official source verified; direct HTTP check not performed
GH,Ghana,Microdata,https://www.microdata.statsghana.gov.gh/index.php/home,SOURCE VERIFIED,Official/recognized catalog identified; direct HTTP check not performed,Not tested,https://www.microdata.statsghana.gov.gh/index.php/home,2026-09-30T07:35:30+00:00,Official source verified; direct HTTP check not performed
IN,India,Microdata,https://microdata.gov.in/NADA/index.php/home,SOURCE VERIFIED,Official/recognized catalog identified; direct HTTP check not performed,Not tested,https://microdata.gov.in/NADA/index.php/home,2026-09-30T07:35:30+00:00,Official source verified; direct HTTP check not performed
MX,Mexico,Microdata,https://www.inegi.org.mx/microdatos/,SOURCE VERIFIED,Official/recognized catalog identified; direct HTTP check not performed,Not tested,https://www.inegi.org.mx/microdatos/,2026-09-30T07:35:30+00:00,Official source verified; direct HTTP check not performed
NG,Nigeria,Microdata,https://microdata.nigerianstat.gov.ng/index.php/home,SOURCE VERIFIED,Official/recognized catalog identified; direct HTTP check not performed,Not tested,https://microdata.nigerianstat.gov.ng/index.php/home,2026-09-30T07:35:30+00:00,Official source verified; direct HTTP check not performed
RW,Rwanda,Microdata,https://microdata.statistics.gov.rw/index.php/catalog,SOURCE VERIFIED,Official/recognized catalog identified; direct HTTP check not performed,Not tested,https://microdata.statistics.gov.rw/index.php/catalog,2026-09-30T07:35:30+00:00,Official source verified; direct HTTP check not performed
ES,Spain,Microdata,https://www.ine.es/dyngs/SER/en/index.htm?cid=1388,SOURCE VERIFIED,Official/recognized catalog identified; direct HTTP check not performed,Not tested,https://www.ine.es/dyngs/SER/en/index.htm?cid=1388,2026-09-30T07:35:30+00:00,Official source verified; direct HTTP check not performed
TZ,Tanzania,Microdata,https://microdata.nbs.go.tz/,SOURCE VERIFIED,Official/recognized catalog identified; direct HTTP check not performed,Not tested,https://microdata.nbs.go.tz/,2026-09-30T07:35:30+00:00,Official source verified; direct HTTP check not performed
AS,American Samoa,Microdata,https://microdata.pacificdata.org/index.php/catalog/?collection%5B%5D=ASM&page=1,SOURCE VERIFIED,Official/recognized catalog identified; direct HTTP check not performed,Not tested,https://microdata.pacificdata.org/index.php/catalog/?collection%5B%5D=ASM&page=1,2026-09-30T07:39:32+00:00,Official source verified; direct HTTP check not performed
CK,Cook Islands,Microdata,https://microdata.pacificdata.org/index.php/catalog/?collection%5B%5D=COK&page=1,SOURCE VERIFIED,Official/recognized catalog identified; direct HTTP check not performed,Not tested,https://microdata.pacificdata.org/index.php/catalog/?collection%5B%5D=COK&page=1,2026-09-30T07:39:32+00:00,Official source verified; direct HTTP check not performed
FJ,Fiji,Microdata,https://microdata.pacificdata.org/index.php/catalog/?collection%5B%5D=FJI&page=1,SOURCE VERIFIED,Official/recognized catalog identified; direct HTTP check not performed,Not tested,https://microdata.pacificdata.org/index.php/catalog/?collection%5B%5D=FJI&page=1,2026-09-30T07:39:32+00:00,Official source verified; direct HTTP check not performed
PF,French Polynesia,Microdata,https://microdata.pacificdata.org/index.php/catalog/?collection%5B%5D=PYF&page=1,SOURCE VERIFIED,Official/recognized catalog identified; direct HTTP check not performed,Not tested,https://microdata.pacificdata.org/index.php/catalog/?collection%5B%5D=PYF&page=1,2026-09-30T07:39:32+00:00,Official source verified; direct HTTP check not performed
GM,Gambia,Microdata,https://microdata.gbosdata.org/index.php/home,SOURCE VERIFIED,Official/recognized catalog identified; direct HTTP check not performed,Not tested,https://microdata.gbosdata.org/index.php/home,2026-09-30T07:39:32+00:00,Official source verified; direct HTTP check not performed
GU,Guam,Microdata,https://microdata.pacificdata.org/index.php/catalog/?collection%5B%5D=GUM&page=1,SOURCE VERIFIED,Official/recognized catalog identified; direct HTTP check not performed,Not tested,https://microdata.pacificdata.org/index.php/catalog/?collection%5B%5D=GUM&page=1,2026-09-30T07:39:32+00:00,Official source verified; direct HTTP check not performed
ID,Indonesia,Microdata,https://repository.bps.go.id/mikrodata/index.php/catalog,SOURCE VERIFIED,Official/recognized catalog identified; direct HTTP check not performed,Not tested,https://repository.bps.go.id/mikrodata/index.php/catalog,2026-09-30T07:39:32+00:00,Official source verified; direct HTTP check not performed
KI,Kiribati,Microdata,https://microdata.pacificdata.org/index.php/catalog/?collection%5B%5D=KIR&page=1,SOURCE VERIFIED,Official/recognized catalog identified; direct HTTP check not performed,Not tested,https://microdata.pacificdata.org/index.php/catalog/?collection%5B%5D=KIR&page=1,2026-09-30T07:39:32+00:00,Official source verified; direct HTTP check not performed
LR,Liberia,Microdata,https://microdata.lisgis.gov.lr/index.php/catalog/,SOURCE VERIFIED,Official/recognized catalog identified; direct HTTP check not performed,Not tested,https://microdata.lisgis.gov.lr/index.php/catalog/,2026-09-30T07:39:32+00:00,Official source verified; direct HTTP check not performed
MH,Marshall Islands,Microdata,https://microdata.pacificdata.org/index.php/catalog/?collection%5B%5D=MHL&page=1,SOURCE VERIFIED,Official/recognized catalog identified; direct HTTP check not performed,Not tested,https://microdata.pacificdata.org/index.php/catalog/?collection%5B%5D=MHL&page=1,2026-09-30T07:39:32+00:00,Official source verified; direct HTTP check not performed
FM,Micronesia,Microdata,https://microdata.pacificdata.org/index.php/catalog/?collection%5B%5D=FSM&page=1,SOURCE VERIFIED,Official/recognized catalog identified; direct HTTP check not performed,Not tested,https://microdata.pacificdata.org/index.php/catalog/?collection%5B%5D=FSM&page=1,2026-09-30T07:39:32+00:00,Official source verified; direct HTTP check not performed
MN,Mongolia,Microdata,https://nada.nso.mn/en/catalog/,SOURCE VERIFIED,Official/recognized catalog identified; direct HTTP check not performed,Not tested,https://nada.nso.mn/en/catalog/,2026-09-30T07:39:32+00:00,Official source verified; direct HTTP check not performed
MA,Morocco,Microdata,https://www.hcp.ma/Micro-donnees-Open-data_r632.html,SOURCE VERIFIED,Official/recognized catalog identified; direct HTTP check not performed,Not tested,https://www.hcp.ma/Micro-donnees-Open-data_r632.html,2026-09-30T07:39:32+00:00,Official source verified; direct HTTP check not performed
NR,Nauru,Microdata,https://microdata.pacificdata.org/index.php/catalog/?collection%5B%5D=NRU&page=1,SOURCE VERIFIED,Official/recognized catalog identified; direct HTTP check not performed,Not tested,https://microdata.pacificdata.org/index.php/catalog/?collection%5B%5D=NRU&page=1,2026-09-30T07:39:32+00:00,Official source verified; direct HTTP check not performed
NP,Nepal,Microdata,https://microdata.nsonepal.gov.np/index.php/catalog,SOURCE VERIFIED,Official/recognized catalog identified; direct HTTP check not performed,Not tested,https://microdata.nsonepal.gov.np/index.php/catalog,2026-09-30T07:39:32+00:00,Official source verified; direct HTTP check not performed
NC,New Caledonia,Microdata,https://microdata.pacificdata.org/index.php/catalog/?collection%5B%5D=NCL&page=1,SOURCE VERIFIED,Official/recognized catalog identified; direct HTTP check not performed,Not tested,https://microdata.pacificdata.org/index.php/catalog/?collection%5B%5D=NCL&page=1,2026-09-30T07:39:32+00:00,Official source verified; direct HTTP check not performed
NE,Niger,Microdata,https://www.stat-niger.org/anado/index.php/catalog,SOURCE VERIFIED,Official/recognized catalog identified; direct HTTP check not performed,Not tested,https://www.stat-niger.org/anado/index.php/catalog,2026-09-30T07:39:32+00:00,Official source verified; direct HTTP check not performed
NU,Niue,Microdata,https://microdata.pacificdata.org/index.php/catalog/?collection%5B%5D=NIU&page=1,SOURCE VERIFIED,Official/recognized catalog identified; direct HTTP check not performed,Not tested,https://microdata.pacificdata.org/index.php/catalog/?collection%5B%5D=NIU&page=1,2026-09-30T07:39:32+00:00,Official source verified; direct HTTP check not performed
MP,Northern Mariana Islands,Microdata,https://microdata.pacificdata.org/index.php/catalog/?collection%5B%5D=MNP&page=1,SOURCE VERIFIED,Official/recognized catalog identified; direct HTTP check not performed,Not tested,https://microdata.pacificdata.org/index.php/catalog/?collection%5B%5D=MNP&page=1,2026-09-30T07:39:32+00:00,Official source verified; direct HTTP check not performed
PW,Palau,Microdata,https://microdata.pacificdata.org/index.php/catalog/?collection%5B%5D=PLW&page=1,SOURCE VERIFIED,Official/recognized catalog identified; direct HTTP check not performed,Not tested,https://microdata.pacificdata.org/index.php/catalog/?collection%5B%5D=PLW&page=1,2026-09-30T07:39:32+00:00,Official source verified; direct HTTP check not performed
PG,Papua New Guinea,Microdata,https://microdata.pacificdata.org/index.php/catalog/?collection%5B%5D=PNG&page=1,SOURCE VERIFIED,Official/recognized catalog identified; direct HTTP check not performed,Not tested,https://microdata.pacificdata.org/index.php/catalog/?collection%5B%5D=PNG&page=1,2026-09-30T07:39:32+00:00,Official source verified; direct HTTP check not performed
PN,Pitcairn,Microdata,https://microdata.pacificdata.org/index.php/catalog/?collection%5B%5D=PCN&page=1,SOURCE VERIFIED,Official/recognized catalog identified; direct HTTP check not performed,Not tested,https://microdata.pacificdata.org/index.php/catalog/?collection%5B%5D=PCN&page=1,2026-09-30T07:39:32+00:00,Official source verified; direct HTTP check not performed
SN,Senegal,Microdata,https://anads.ansd.sn/index.php/catalog/?view=v,SOURCE VERIFIED,Official/recognized catalog identified; direct HTTP check not performed,Not tested,https://anads.ansd.sn/index.php/catalog/?view=v,2026-09-30T07:39:32+00:00,Official source verified; direct HTTP check not performed
SB,Solomon Islands,Microdata,https://microdata.pacificdata.org/index.php/catalog/?collection%5B%5D=SLB&page=1,SOURCE VERIFIED,Official/recognized catalog identified; direct HTTP check not performed,Not tested,https://microdata.pacificdata.org/index.php/catalog/?collection%5B%5D=SLB&page=1,2026-09-30T07:39:32+00:00,Official source verified; direct HTTP check not performed
ZA,South Africa,Microdata,https://www.datafirst.uct.ac.za/dataportal/index.php/catalog,SOURCE VERIFIED,Official/recognized catalog identified; direct HTTP check not performed,Not tested,https://www.datafirst.uct.ac.za/dataportal/index.php/catalog,2026-09-30T07:39:32+00:00,Official source verified; direct HTTP check not performed
LK,Sri Lanka,Microdata,https://nada.statistics.gov.lk/index.php/home,SOURCE VERIFIED,Official/recognized catalog identified; direct HTTP check not performed,Not tested,https://nada.statistics.gov.lk/index.php/home,2026-09-30T07:39:32+00:00,Official source verified; direct HTTP check not performed
TK,Tokelau,Microdata,https://microdata.pacificdata.org/index.php/catalog/?collection%5B%5D=TKL&page=1,SOURCE VERIFIED,Official/recognized catalog identified; direct HTTP check not performed,Not tested,https://microdata.pacificdata.org/index.php/catalog/?collection%5B%5D=TKL&page=1,2026-09-30T07:39:32+00:00,Official source verified; direct HTTP check not performed
TO,Tonga,Microdata,https://microdata.pacificdata.org/index.php/catalog/?collection%5B%5D=TON&page=1,SOURCE VERIFIED,Official/recognized catalog identified; direct HTTP check not performed,Not tested,https://microdata.pacificdata.org/index.php/catalog/?collection%5B%5D=TON&page=1,2026-09-30T07:39:32+00:00,Official source verified; direct HTTP check not performed
TV,Tuvalu,Microdata,https://microdata.pacificdata.org/index.php/catalog/?collection%5B%5D=TUV&page=1,SOURCE VERIFIED,Official/recognized catalog identified; direct HTTP check not performed,Not tested,https://microdata.pacificdata.org/index.php/catalog/?collection%5B%5D=TUV&page=1,2026-09-30T07:39:32+00:00,Official source verified; direct HTTP check not performed
BF,Burkina Faso,Microdata,https://microdata.insd.bf/index.php/home,SOURCE VERIFIED,Official INSD microdata catalog; direct HTTP check not performed,Not tested,https://microdata.insd.bf/index.php/home,2026-09-30T07:41:50+00:00,Official source verified; direct HTTP check not performed
BI,Burundi,Microdata,https://insbu.bi/nada/index.php/catalog/?page=1,SOURCE VERIFIED,Official INSBU National Microdata Archive; direct HTTP check not performed,Not tested,https://insbu.bi/nada/index.php/catalog/?page=1,2026-09-30T07:41:50+00:00,Official source verified; direct HTTP check not performed
UG,Uganda,Microdata,https://microdata.ubos.org:7070,SOURCE VERIFIED,Official UBOS Microdata Archive; direct HTTP check not performed,Not tested,https://microdata.ubos.org:7070,2026-09-30T07:41:50+00:00,Official source verified; direct HTTP check not performed
VU,Vanuatu,Microdata,https://microdata.pacificdata.org/index.php/catalog/?collection%5B%5D=VUT&page=1,SOURCE VERIFIED,Pacific Data Hub country collection for Vanuatu; direct HTTP check not performed,Not tested,https://microdata.pacificdata.org/index.php/catalog/?collection%5B%5D=VUT&page=1,2026-09-30T07:41:50+00:00,Official source verified; direct HTTP check not performed
AO,Angola,Microdata,https://andine.ine.gov.ao/nada/index.php/home,SOURCE VERIFIED,INS Angola ANDINE National Data Archive; 44 surveys. Direct HTTP check not performed.,Not tested,https://andine.ine.gov.ao/nada/index.php/home,2026-09-30T07:56:56+00:00,[]
BO,Bolivia,Microdata,https://anda.ine.gob.bo/index.php/home,SOURCE VERIFIED,INE Bolivia ANDA metadata and microdata catalog; 120 statistical operations. Direct HTTP check not performed.,Not tested,https://anda.ine.gob.bo/index.php/home,2026-09-30T07:56:56+00:00,[]
CM,Cameroon,Microdata,https://nada.stat.cm/index.php/home,SOURCE VERIFIED,Cameroon INS national microdata catalog; 163 surveys. Direct HTTP check not performed.,Not tested,https://nada.stat.cm/index.php/home,2026-09-30T07:56:56+00:00,[]
CV,Cape Verde,Microdata,https://www.ine.cv/dircv/index.php,SOURCE VERIFIED,INE Cabo Verde DIRCV national NADA; microdata access requires an agreement. Direct HTTP check not performed.,Not tested,https://www.ine.cv/dircv/index.php,2026-09-30T07:56:56+00:00,[]
CD,Democratic Republic of the Congo,Microdata,https://ins.gouv.cd/archivage,SOURCE VERIFIED,INS DRC official NADA access landing page; catalog access is currently by request. Direct HTTP check not performed.,Not tested,https://ins.gouv.cd/archivage,2026-09-30T07:56:56+00:00,[]
DO,Dominican Republic,Microdata,https://anda.one.gob.do/index.php/catalog,SOURCE VERIFIED,ONE Dominican Republic ANDA central data catalog; 50 statistical operations. Direct HTTP check not performed.,Not tested,https://anda.one.gob.do/index.php/catalog,2026-09-30T07:56:56+00:00,[]
EC,Ecuador,Microdata,https://anda.inec.gob.ec/anda5/index.php/catalog,SOURCE VERIFIED,INEC Ecuador ANDA metadata and microdata catalog; 439 records. Direct HTTP check not performed.,Not tested,https://anda.inec.gob.ec/anda5/index.php/catalog,2026-09-30T07:56:56+00:00,[]
EG,Egypt,Microdata,https://censusinfo.capmas.gov.eg/en/index.php/catalog,SOURCE VERIFIED,CAPMAS National Data Archive; survey microdata catalog. Access varies by study. Direct HTTP check not performed.,Not tested,https://censusinfo.capmas.gov.eg/en/index.php/catalog,2026-09-30T07:56:56+00:00,[]
GN,Guinea,Microdata,https://microdata.insguinee.org/index.php/home,SOURCE VERIFIED,Guinea INS microdata catalog; live studies include INS and other statistical agencies. Direct HTTP check not performed.,Not tested,https://microdata.insguinee.org/index.php/home,2026-09-30T07:56:56+00:00,[]
CI,Ivory Coast,Microdata,https://nada.anstat.ci/index.php/home,SOURCE VERIFIED,ANStat Cote d’Ivoire national data archive; 34 microdata studies. Direct HTTP check not performed.,Not tested,https://nada.anstat.ci/index.php/home,2026-09-30T07:56:56+00:00,[]
LA,Laos,Microdata,https://lnada.statdb.lsb.gov.la/index.php/home,SOURCE VERIFIED,Lao Statistics Bureau National Data Archive; eight datasets. Direct HTTP check not performed.,Not tested,https://lnada.statdb.lsb.gov.la/index.php/home,2026-09-30T07:56:56+00:00,[]
MR,Mauritania,Microdata,https://anadrim.rgph5.mr/index.php/catalog,SOURCE VERIFIED,"ANSADE Mauritania ANADRIM archive; 22 studies, some access licensed or unavailable. Direct HTTP check not performed.",Not tested,https://anadrim.rgph5.mr/index.php/catalog,2026-09-30T07:56:56+00:00,[]
PS,Palestine,Microdata,https://microdata.pcbs.gov.ps/PCBS-Metadata-en-v5.2/index.php/catalog,SOURCE VERIFIED,PCBS Data Catalog; official survey microdata and metadata. Direct HTTP check not performed.,Not tested,https://microdata.pcbs.gov.ps/PCBS-Metadata-en-v5.2/index.php/catalog,2026-09-30T07:56:56+00:00,[]
ZM,Zambia,Microdata,https://nada.zamstats.gov.zm/index.php/home,SOURCE VERIFIED,Zambia Statistics Agency National Data Archive; 23 surveys. Direct HTTP check not performed.,Not tested,https://nada.zamstats.gov.zm/index.php/home,2026-09-30T07:56:56+00:00,[]
AL,Albania,GIS/Geospatial data,https://geoportal.asig.gov.al/en?AspxAutoDetectCookieSupport=1,SOURCE VERIFIED,Albania ASIG National Geoportal; prepared data downloads require user registration. Direct HTTP check not performed.,Not tested,https://geoportal.asig.gov.al/en?AspxAutoDetectCookieSupport=1,2026-09-30T08:15:07+00:00,[]
BT,Bhutan,GIS/Geospatial data,https://nsdi.systems.gov.bt/,SOURCE VERIFIED,Bhutan National Spatial Data Infrastructure; national geodata discovery and open-data layers. Direct HTTP check not performed.,Not tested,https://nsdi.systems.gov.bt/,2026-09-30T08:15:07+00:00,[]
GE,Georgia,GIS/Geospatial data,https://nsdi.gov.ge/en/,SOURCE VERIFIED,Georgia National Spatial Data Infrastructure; official geoportal with datasets and download/sharing functions. Direct HTTP check not performed.,Not tested,https://nsdi.gov.ge/en/,2026-09-30T08:15:07+00:00,[]
IN,India,GIS/Geospatial data,https://www.nsdi.gov.in/,SOURCE VERIFIED,India National Spatial Data Infrastructure; official national spatial-data registry and geoportal. Direct HTTP check not performed.,Not tested,https://www.nsdi.gov.in/,2026-09-30T08:15:07+00:00,[]
LK,Sri Lanka,GIS/Geospatial data,https://geoportal.nsdi.gov.lk/,SOURCE VERIFIED,Sri Lanka NSDI Geoportal; map layers and geospatial data services. Direct HTTP check not performed.,Not tested,https://geoportal.nsdi.gov.lk/,2026-09-30T08:15:07+00:00,[]
NA,Namibia,GIS/Geospatial data,https://digitalnamibia.nsa.org.na/,SOURCE VERIFIED,Namibia Statistics Agency map-based geospatial information portal. Direct HTTP check not performed.,Not tested,https://digitalnamibia.nsa.org.na/,2026-09-30T08:15:07+00:00,[]
NP,Nepal,GIS/Geospatial data,https://www.nationalgeoportal.gov.np/,SOURCE VERIFIED,"Nepal National Geoportal; public discovery and mapping, with some downloads requiring login. Direct HTTP check not performed.",Not tested,https://www.nationalgeoportal.gov.np/,2026-09-30T08:15:07+00:00,[]
NZ,New Zealand,GIS/Geospatial data,https://data.linz.govt.nz/,SOURCE VERIFIED,"LINZ Data Service; New Zealand government open geospatial data, downloads and APIs. Direct HTTP check not performed.",Not tested,https://data.linz.govt.nz/,2026-09-30T08:15:07+00:00,[]
PH,Philippines,GIS/Geospatial data,https://www.geoportal.gov.ph/,SOURCE VERIFIED,Philippines Geoportal led by NAMRIA; access varies by dataset. Direct HTTP check not performed.,Not tested,https://www.geoportal.gov.ph/,2026-09-30T08:15:07+00:00,[]
RW,Rwanda,GIS/Geospatial data,https://geodata.rw/portal/apps/sites/#/nsdi,SOURCE VERIFIED,Rwanda National Spatial Data Infrastructure; government-linked geodata catalog and open layers. Direct HTTP check not performed.,Not tested,https://geodata.rw/portal/apps/sites/#/nsdi,2026-09-30T08:15:07+00:00,[]
SN,Senegal,GIS/Geospatial data,https://geosenegal.gouv.sn/,SOURCE VERIFIED,"Senegal national geodata portal; includes free vector data, rasters and elevation data. Direct HTTP check not performed.",Not tested,https://geosenegal.gouv.sn/,2026-09-30T08:15:07+00:00,[]
TG,Togo,GIS/Geospatial data,https://geodata.gouv.tg/,SOURCE VERIFIED,"Togo government geodata portal; public access, though reuse of some data may require payment or permission. Direct HTTP check not performed.",Not tested,https://geodata.gouv.tg/,2026-09-30T08:15:07+00:00,[]
VN,Vietnam,GIS/Geospatial data,https://dosm.vnsdi.gov.vn/,SOURCE VERIFIED,Vietnam National Spatial Data Infrastructure portal for foundational geographic data. Direct HTTP check not performed.,Not tested,https://dosm.vnsdi.gov.vn/,2026-09-30T08:15:07+00:00,[]
ZM,Zambia,GIS/Geospatial data,https://znsdi.szi.gov.zm/,SOURCE VERIFIED,"Zambia National Spatial Data Infrastructure portal, maintained through Smart Zambia Institute. Direct HTTP check not performed.",Not tested,https://znsdi.szi.gov.zm/,2026-09-30T08:15:07+00:00,[]
VC,Saint Vincent and the Grenadines,GIS/Geospatial data,https://gis.oecs.int/,SOURCE VERIFIED,"Regional OECS GeoHUB with geospatial data/layers for member territories; regional catalog, not a national portal. Direct HTTP check not performed.",Not tested,https://gis.oecs.int/,2026-09-30T08:15:07+00:00,[]
VG,British Virgin Islands,GIS/Geospatial data,https://gis.oecs.int/,SOURCE VERIFIED,"Regional OECS GeoHUB with geospatial data/layers for member territories; regional catalog, not a national portal. Direct HTTP check not performed.",Not tested,https://gis.oecs.int/,2026-09-30T08:15:07+00:00,[]
KN,Saint Kitts and Nevis,GIS/Geospatial data,https://gis.oecs.int/,SOURCE VERIFIED,"Regional OECS GeoHUB with geospatial data/layers for member territories; regional catalog, not a national portal. Direct HTTP check not performed.",Not tested,https://gis.oecs.int/,2026-09-30T08:15:07+00:00,[]
DM,Dominica,GIS/Geospatial data,https://gis.oecs.int/,SOURCE VERIFIED,"Regional OECS GeoHUB with geospatial data/layers for member territories; regional catalog, not a national portal. Direct HTTP check not performed.",Not tested,https://gis.oecs.int/,2026-09-30T08:15:07+00:00,[]
GD,Grenada,GIS/Geospatial data,https://gis.oecs.int/,SOURCE VERIFIED,"Regional OECS GeoHUB with geospatial data/layers for member territories; regional catalog, not a national portal. Direct HTTP check not performed.",Not tested,https://gis.oecs.int/,2026-09-30T08:15:07+00:00,[]
AI,Anguilla,GIS/Geospatial data,https://gis.oecs.int/,SOURCE VERIFIED,"Regional OECS GeoHUB with geospatial data/layers for member territories; regional catalog, not a national portal. Direct HTTP check not performed.",Not tested,https://gis.oecs.int/,2026-09-30T08:15:07+00:00,[]
MS,Montserrat,GIS/Geospatial data,https://gis.oecs.int/,SOURCE VERIFIED,"Regional OECS GeoHUB with geospatial data/layers for member territories; regional catalog, not a national portal. Direct HTTP check not performed.",Not tested,https://gis.oecs.int/,2026-09-30T08:15:07+00:00,[]
AG,Antigua and Barbuda,GIS/Geospatial data,https://gis.oecs.int/,SOURCE VERIFIED,"Regional OECS GeoHUB with geospatial data/layers for member territories; regional catalog, not a national portal. Direct HTTP check not performed.",Not tested,https://gis.oecs.int/,2026-09-30T08:15:07+00:00,[]
LC,Saint Lucia,GIS/Geospatial data,https://gis.oecs.int/,SOURCE VERIFIED,"Regional OECS GeoHUB with geospatial data/layers for member territories; regional catalog, not a national portal. Direct HTTP check not performed.",Not tested,https://gis.oecs.int/,2026-09-30T08:15:07+00:00,[]
AR,Argentina,GIS/Geospatial data,https://geoportal.ign.gob.ar/,SOURCE VERIFIED,"National Geographic Institute GeoPortal with public map layers, geoservices and open data. Direct HTTP check not performed.",Not tested,https://geoportal.ign.gob.ar/,2026-09-30T08:17:13+00:00,[]
AU,Australia,GIS/Geospatial data,https://www.nationalmap.gov.au/,SOURCE VERIFIED,Australian Government map-based gateway to authoritative spatial data; dataset terms remain provider-specific. Direct HTTP check not performed.,Not tested,https://www.nationalmap.gov.au/,2026-09-30T08:17:13+00:00,[]
AM,Armenia,GIS/Geospatial data,https://geoportal.am/map_geoportal,SOURCE VERIFIED,Armenia national geoportal with public map layers and searchable geospatial datasets. Direct HTTP check not performed.,Not tested,https://geoportal.am/map_geoportal,2026-09-30T08:17:13+00:00,[]
AT,Austria,GIS/Geospatial data,https://www.data.gv.at/,SOURCE VERIFIED,Austria official open data catalog with a dedicated geodata/INSPIRE collection. Direct HTTP check not performed.,Not tested,https://www.data.gv.at/,2026-09-30T08:17:13+00:00,[]
BH,Bahrain,GIS/Geospatial data,https://www.data.gov.bh/,SOURCE VERIFIED,Bahrain government open data portal; includes location-based datasets and map exploration. Direct HTTP check not performed.,Not tested,https://www.data.gov.bh/,2026-09-30T08:17:13+00:00,[]
BD,Bangladesh,GIS/Geospatial data,https://new.nsdi.gov.bd/,SOURCE VERIFIED,Bangladesh NSDI catalog with public geospatial dataset discovery; some download functions may require registration. Direct HTTP check not performed.,Not tested,https://new.nsdi.gov.bd/,2026-09-30T08:17:13+00:00,[]
BZ,Belize,GIS/Geospatial data,https://portal.bnsdi.gov.bz/,SOURCE VERIFIED,Belize National Spatial Data Infrastructure provides map data and geographic services. Direct HTTP check not performed.,Not tested,https://portal.bnsdi.gov.bz/,2026-09-30T08:17:13+00:00,[]
BO,Bolivia,GIS/Geospatial data,https://geobolivia.planificacion.gob.bo/,SOURCE VERIFIED,"Official GeoBolivia portal; describes its geographic data as official and open, with downloadable layers. Direct HTTP check not performed.",Not tested,https://geobolivia.planificacion.gob.bo/,2026-09-30T08:17:13+00:00,[]
BR,Brazil,GIS/Geospatial data,https://visualizador.inde.gov.br/,SOURCE VERIFIED,"Brazil INDE official national spatial data infrastructure map viewer; catalog, geoservices and data downloads are linked. Direct HTTP check not performed.",Not tested,https://visualizador.inde.gov.br/,2026-09-30T08:17:13+00:00,[]
BG,Bulgaria,GIS/Geospatial data,https://inspire.egov.bg/en,SOURCE VERIFIED,"Bulgaria official INSPIRE National Spatial Data Portal with searchable datasets, services and maps. Direct HTTP check not performed.",Not tested,https://inspire.egov.bg/en,2026-09-30T08:17:13+00:00,[]
CA,Canada,GIS/Geospatial data,https://geo.ca/home/,SOURCE VERIFIED,"Government of Canada GEO.ca is the national source for open geospatial information, datasets and applications. Direct HTTP check not performed.",Not tested,https://geo.ca/home/,2026-09-30T08:17:13+00:00,[]
CV,Cape Verde,GIS/Geospatial data,https://arcgis.gov.cv/geoportal,SOURCE VERIFIED,Cabo Verde government GIS portal for finding and downloading geospatial data. Direct HTTP check not performed.,Not tested,https://arcgis.gov.cv/geoportal,2026-09-30T08:17:13+00:00,[]
CN,China,GIS/Geospatial data,https://www.sgic.net.cn/,SOURCE VERIFIED,National Geospatial Information Center catalog with geographic foundation datasets and products; access terms vary by item. Direct HTTP check not performed.,Not tested,https://www.sgic.net.cn/,2026-09-30T08:17:13+00:00,[]
CK,Cook Islands,GIS/Geospatial data,https://cookgeo.gov.ck/,SOURCE VERIFIED,"Official Government of Cook Islands geospatial portal with maps, datasets and imagery for browsing and download. Direct HTTP check not performed.",Not tested,https://cookgeo.gov.ck/,2026-09-30T08:17:13+00:00,[]
DE,Germany,GIS/Geospatial data,https://www.geoportal.de/,SOURCE VERIFIED,Geoportal.de is the federal/state/local joint access point for public German geodata and services; item licenses vary. Direct HTTP check not performed.,Not tested,https://www.geoportal.de/,2026-09-30T08:17:13+00:00,[]
EE,Estonia,GIS/Geospatial data,https://geoportaal.ee/eng/,SOURCE VERIFIED,"Estonian government geoportal publishes public spatial data and provides discovery, view and download services. Direct HTTP check not performed.",Not tested,https://geoportaal.ee/eng/,2026-09-30T08:17:13+00:00,[]
ET,Ethiopia,GIS/Geospatial data,https://www.ethionsdi.gov.et/,SOURCE VERIFIED,"Ethiopia NSDI Geoportal supports geospatial discovery, visualization and access/download requests. Direct HTTP check not performed.",Not tested,https://www.ethionsdi.gov.et/,2026-09-30T08:17:13+00:00,[]
FI,Finland,GIS/Geospatial data,https://kartta.paikkatietoikkuna.fi/,SOURCE VERIFIED,Finland national geoportal presenting spatial data from multiple producers; access/use conditions vary by layer. Direct HTTP check not performed.,Not tested,https://kartta.paikkatietoikkuna.fi/,2026-09-30T08:17:13+00:00,[]
FR,France,GIS/Geospatial data,https://www.geoportail.gouv.fr/,SOURCE VERIFIED,"France national territory-information geoportal by IGN, with geographic datasets and map services; transition to cartes.gouv.fr is underway. Direct HTTP check not performed.",Not tested,https://www.geoportail.gouv.fr/,2026-09-30T08:17:13+00:00,[]
GI,Gibraltar,GIS/Geospatial data,https://www.geoportal.gov.gi/index.php,SOURCE VERIFIED,Gibraltar government GeoPortal provides geographic information and map services. Direct HTTP check not performed.,Not tested,https://www.geoportal.gov.gi/index.php,2026-09-30T08:17:13+00:00,[]
GL,Greenland,GIS/Geospatial data,https://nunagis.gl/en/,SOURCE VERIFIED,NunaGIS provides public access to maps and geospatial data across Greenland; managed by Greenland Survey (Asiaq). Direct HTTP check not performed.,Not tested,https://nunagis.gl/en/,2026-09-30T08:17:13+00:00,[]
GR,Greece,GIS/Geospatial data,https://www.gov.gr/en/org/ktimanet/ktematographese/geopule-geokhorikon-dedomenon-inspire-ellenikou-ktematologiou,SOURCE VERIFIED,Greek government entry to Hellenic Cadastre INSPIRE geoportal; dataset availability and acquisition may require application. Direct HTTP check not performed.,Not tested,https://www.gov.gr/en/org/ktimanet/ktematographese/geopule-geokhorikon-dedomenon-inspire-ellenikou-ktematologiou,2026-09-30T08:17:13+00:00,[]
GY,Guyana,GIS/Geospatial data,https://geoportal.gov.gy/,SOURCE VERIFIED,"Guyana Ministry of Natural Resources GeoPortal with datasets, maps, dashboards and geostories. Direct HTTP check not performed.",Not tested,https://geoportal.gov.gy/,2026-09-30T08:17:13+00:00,[]
GT,Guatemala,GIS/Geospatial data,https://geoportal.ine.gob.gt/,SOURCE VERIFIED,"Guatemala National Statistics Institute geoportal with public map layers, including boundaries, roads and public-service facilities. Direct HTTP check not performed.",Not tested,https://geoportal.ine.gob.gt/,2026-09-30T08:17:13+00:00,[]
GU,Guam,GIS/Geospatial data,https://bsp.guam.gov/gis/,SOURCE VERIFIED,Bureau of Statistics and Plans GIS hub with public maps and selected geodatabase downloads; some layers are restricted. Direct HTTP check not performed.,Not tested,https://bsp.guam.gov/gis/,2026-09-30T08:17:13+00:00,[]
HK,Hong Kong,GIS/Geospatial data,https://portal.csdi.gov.hk/,SOURCE VERIFIED,"Hong Kong Common Spatial Data Infrastructure Portal provides public geospatial datasets, downloads and APIs. Direct HTTP check not performed.",Not tested,https://portal.csdi.gov.hk/,2026-09-30T08:17:13+00:00,[]
MW,Malawi,GIS/Geospatial data,https://masdap.gov.mw/,SOURCE VERIFIED,"Malawi Spatial Data Platform, a public GIS data catalog managed through the National Spatial Data Center. Direct HTTP check not performed.",Not tested,https://masdap.gov.mw/,2026-09-30T08:17:13+00:00,[]
MZ,Mozambique,GIS/Geospatial data,https://dev.mozgis.gov.mz/,SOURCE VERIFIED,"Official Mozambique National GIS Network geodata portal, managed by the National Geo-Spatial Development Agency. Direct HTTP check not performed.",Not tested,https://dev.mozgis.gov.mz/,2026-09-30T08:17:13+00:00,[]
HR,Croatia,GIS/Geospatial data,https://geoportal.dgu.hr/,SOURCE VERIFIED,Croatian State Geodetic Administration geoportal; the national spatial data infrastructure catalog and INSPIRE services. Direct HTTP check not performed.,Not tested,https://geoportal.dgu.hr/,2026-09-30T08:18:11+00:00,[]
CY,Cyprus,GIS/Geospatial data,https://www.geoportal.gov.cy/MOI/DLS/geoportal/geoportal.nsf/index_en/index_en?OpenDocument=&print=,SOURCE VERIFIED,"Cyprus official geospatial information geoportal, linking INSPIRE and national mapping services. Direct HTTP check not performed.",Not tested,https://www.geoportal.gov.cy/MOI/DLS/geoportal/geoportal.nsf/index_en/index_en?OpenDocument=&print=,2026-09-30T08:18:11+00:00,[]
CZ,Czech Republic,GIS/Geospatial data,https://geoportal.gov.cz/,SOURCE VERIFIED,Czech Republic national geoportal with official spatial datasets and download services. Direct HTTP check not performed.,Not tested,https://geoportal.gov.cz/,2026-09-30T08:18:11+00:00,[]
DK,Denmark,GIS/Geospatial data,https://geodata-info.dk/,SOURCE VERIFIED,Denmark national geodata information portal/catalog. Direct HTTP check not performed.,Not tested,https://geodata-info.dk/,2026-09-30T08:18:11+00:00,[]
IE,Ireland,GIS/Geospatial data,https://gis.epa.ie/Home,SOURCE VERIFIED,"Ireland EPA Geoportal with downloadable environmental GIS data, catalog and WMS services. Direct HTTP check not performed.",Not tested,https://gis.epa.ie/Home,2026-09-30T08:18:11+00:00,[]
IS,Iceland,GIS/Geospatial data,https://gatt.lmi.is/geonetwork/srv/search,SOURCE VERIFIED,Iceland national metadata catalog; includes geospatial datasets and download/service records. Direct HTTP check not performed.,Not tested,https://gatt.lmi.is/geonetwork/srv/search,2026-09-30T08:18:11+00:00,[]
IT,Italy,GIS/Geospatial data,https://geodati.gov.it/geoportale/,SOURCE VERIFIED,Italy National Catalog of Territorial Data with open geospatial datasets and services. Direct HTTP check not performed.,Not tested,https://geodati.gov.it/geoportale/,2026-09-30T08:18:11+00:00,[]
LV,Latvia,GIS/Geospatial data,https://geolatvija.lv/geo/,SOURCE VERIFIED,Latvia official geospatial information portal; some datasets are view-only while other products may be paid. Direct HTTP check not performed.,Not tested,https://geolatvija.lv/geo/,2026-09-30T08:18:11+00:00,[]
LT,Lithuania,GIS/Geospatial data,https://www.geoportal.lt/geoportal/web/en,SOURCE VERIFIED,"Lithuanian Spatial Information Portal with search, viewing, downloads and open data. Direct HTTP check not performed.",Not tested,https://www.geoportal.lt/geoportal/web/en,2026-09-30T08:18:11+00:00,[]
LU,Luxembourg,GIS/Geospatial data,https://geoportal.lu/en/,SOURCE VERIFIED,"Luxembourg government national geoportal with spatial datasets, map services and APIs; access terms vary by product. Direct HTTP check not performed.",Not tested,https://geoportal.lu/en/,2026-09-30T08:18:11+00:00,[]
MT,Malta,GIS/Geospatial data,https://msdi.data.gov.mt/index.html,SOURCE VERIFIED,"Malta Spatial Data Infrastructure offers public discovery, view services and dataset download requests; terms depend on data owner. Direct HTTP check not performed.",Not tested,https://msdi.data.gov.mt/index.html,2026-09-30T08:18:11+00:00,[]
NL,Netherlands,GIS/Geospatial data,https://www.pdok.nl/,SOURCE VERIFIED,"Netherlands government platform for open geospatial datasets, OGC services and downloads. Direct HTTP check not performed.",Not tested,https://www.pdok.nl/,2026-09-30T08:18:11+00:00,[]
PL,Poland,GIS/Geospatial data,https://mapy.geoportal.gov.pl/imap/,SOURCE VERIFIED,"Poland National Geoportal, official central access point for spatial data and services. Direct HTTP check not performed.",Not tested,https://mapy.geoportal.gov.pl/imap/,2026-09-30T08:18:11+00:00,[]
SK,Slovakia,GIS/Geospatial data,https://geoportal.gov.sk/,SOURCE VERIFIED,Slovakia National Geoportal with map applications and a catalog of spatial datasets. Direct HTTP check not performed.,Not tested,https://geoportal.gov.sk/,2026-09-30T08:18:11+00:00,[]
ID,Indonesia,GIS/Geospatial data,https://tanahair.indonesia.go.id/portal-web/,SOURCE VERIFIED,"Indonesia Ina-Geoportal national sharing platform with more than 14,000 catalogued geospatial datasets. Direct HTTP check not performed.",Not tested,https://tanahair.indonesia.go.id/portal-web/,2026-09-30T08:18:11+00:00,[]
JP,Japan,GIS/Geospatial data,https://maps.gsi.go.jp/,SOURCE VERIFIED,Japan Geospatial Information Authority map portal with national basemaps and downloadable map/geospatial products. Direct HTTP check not performed.,Not tested,https://maps.gsi.go.jp/,2026-09-30T08:18:11+00:00,[]
KZ,Kazakhstan,GIS/Geospatial data,https://www.govarch.kz/ru/infosys/info/2208,SOURCE VERIFIED,Kazakhstan government system registry confirms the State Geoportal of the National Spatial Data Infrastructure is operational; portal access link is listed by the owner. Direct HTTP check not performed.,Not tested,https://www.govarch.kz/ru/infosys/info/2208,2026-09-30T08:18:11+00:00,[]
MY,Malaysia,GIS/Geospatial data,https://mygdix.mygeoportal.gov.my/,SOURCE VERIFIED,Malaysia MyGDI national geospatial catalog and map viewer for datasets and services across agencies. Direct HTTP check not performed.,Not tested,https://mygdix.mygeoportal.gov.my/,2026-09-30T08:18:11+00:00,[]
MV,Maldives,GIS/Geospatial data,https://www.mlsa.gov.mv/nationalmapping.php,SOURCE VERIFIED,Maldives Land and Survey Authority page for national mapping and GIS; links to authoritative OneMap and its public API. Direct HTTP check not performed.,Not tested,https://www.mlsa.gov.mv/nationalmapping.php,2026-09-30T08:18:11+00:00,[]
MN,Mongolia,GIS/Geospatial data,https://www.nsdi.gov.mn/,SOURCE VERIFIED,Mongolia national spatial data infrastructure geoportal with 18 foundational spatial data themes; access levels vary. Direct HTTP check not performed.,Not tested,https://www.nsdi.gov.mn/,2026-09-30T08:18:11+00:00,[]
TH,Thailand,GIS/Geospatial data,https://ngis.go.th/,SOURCE VERIFIED,Thailand National Geo-Informatics Board platform listing national spatial datasets and map services. Direct HTTP check not performed.,Not tested,https://ngis.go.th/,2026-09-30T08:18:11+00:00,[]
CO,Colombia,GIS/Geospatial data,https://www.igac.gov.co/datos-abiertos,SOURCE VERIFIED,"IGAC official open geospatial datasets for Colombia, including SHP, KML, GeoJSON, WMS and WFS. Direct HTTP check not performed.",Not tested,https://www.igac.gov.co/datos-abiertos,2026-09-30T08:19:16+00:00,[]
CR,Costa Rica,GIS/Geospatial data,https://www.snitcr.go.cr/,SOURCE VERIFIED,Costa Rica National Territorial Information System (SNIT) with official layers and OGC map/data services; some use restrictions apply. Direct HTTP check not performed.,Not tested,https://www.snitcr.go.cr/,2026-09-30T08:19:16+00:00,[]
DO,Dominican Republic,GIS/Geospatial data,https://iderd.gob.do/,SOURCE VERIFIED,"Dominican Republic national spatial data infrastructure with dataset metadata catalog, map viewer and geoservices directory. Direct HTTP check not performed.",Not tested,https://iderd.gob.do/,2026-09-30T08:19:16+00:00,[]
EC,Ecuador,GIS/Geospatial data,https://www.iedg.gob.ec/servicios/visorgeografico/,SOURCE VERIFIED,Ecuador government geographic viewer for foundational and basic data from public institutions. Direct HTTP check not performed.,Not tested,https://www.iedg.gob.ec/servicios/visorgeografico/,2026-09-30T08:19:16+00:00,[]
PE,Peru,GIS/Geospatial data,https://www.geoidep.gob.pe/,SOURCE VERIFIED,"Peru national spatial data infrastructure integrates public geospatial catalogs, map viewers, OGC services and downloads. Direct HTTP check not performed.",Not tested,https://www.geoidep.gob.pe/,2026-09-30T08:19:16+00:00,[]
UY,Uruguay,GIS/Geospatial data,https://www.gub.uy/infraestructura-datos-espaciales/,SOURCE VERIFIED,"Uruguay official Spatial Data Infrastructure portal, linking national geospatial datasets, viewers and open data. Direct HTTP check not performed.",Not tested,https://www.gub.uy/infraestructura-datos-espaciales/,2026-09-30T08:19:16+00:00,[]
PY,Paraguay,GIS/Geospatial data,https://geoportal.paraguay.gov.py/,SOURCE VERIFIED,Paraguay government Geoportal; catalog availability may require sign-in. Direct HTTP check not performed.,Not tested,https://geoportal.paraguay.gov.py/,2026-09-30T08:19:16+00:00,[]
MX,Mexico,GIS/Geospatial data,https://www.inegi.org.mx/temas/mapadigital/,SOURCE VERIFIED,"INEGI Digital Map of Mexico for geographic/statistical layers, map services and data access. Direct HTTP check not performed.",Not tested,https://www.inegi.org.mx/temas/mapadigital/,2026-09-30T08:19:16+00:00,[]
NI,Nicaragua,GIS/Geospatial data,https://www.ineter.gob.ni/ide-ineter/geoservicios/,SOURCE VERIFIED,Nicaragua INETER spatial data infrastructure publishes official OGC geospatial services. Direct HTTP check not performed.,Not tested,https://www.ineter.gob.ni/ide-ineter/geoservicios/,2026-09-30T08:19:16+00:00,[]
HN,Honduras,GIS/Geospatial data,https://sinit.hn/,SOURCE VERIFIED,"Honduras National Territorial Information System, a government source for territorial data, thematic maps, catalog and geoservices. Direct HTTP check not performed.",Not tested,https://sinit.hn/,2026-09-30T08:19:16+00:00,[]
PR,Puerto Rico,GIS/Geospatial data,https://gis.pr.gov/Pages/default.aspx,SOURCE VERIFIED,"Puerto Rico government GIS hub with geodata downloads, WFS and applications. Direct HTTP check not performed.",Not tested,https://gis.pr.gov/Pages/default.aspx,2026-09-30T08:19:16+00:00,[]
BS,Bahamas,GIS/Geospatial data,https://www.govnet.bs/wps/portal/public/bngis/bngis/home/,SOURCE VERIFIED,Bahamas National Geographic Information Systems Centre government portal; data portal discoverability/access varies. Direct HTTP check not performed.,Not tested,https://www.govnet.bs/wps/portal/public/bngis/bngis/home/,2026-09-30T08:19:16+00:00,[]
SX,Sint Maarten,GIS/Geospatial data,https://gis.sintmaartengov.org/portal/,SOURCE VERIFIED,"Government of Sint Maarten GIS Portal, with public GIS services and open data enabled. Direct HTTP check not performed.",Not tested,https://gis.sintmaartengov.org/portal/,2026-09-30T08:19:16+00:00,[]
PG,Papua New Guinea,GIS/Geospatial data,https://png-geoportal.org/,SOURCE VERIFIED,Papua New Guinea Biodiversity and Climate Geoportal; open-access environmental and geospatial datasets. Direct HTTP check not performed.,Not tested,https://png-geoportal.org/,2026-09-30T08:19:16+00:00,[]
FJ,Fiji,GIS/Geospatial data,https://pacific-data.sprep.org/,SOURCE VERIFIED,"Regional Pacific Environment Data Portal aggregates national and regional environmental datasets, including GIS files; regional supplement, not a national base-map portal. Direct HTTP check not performed.",Not tested,https://pacific-data.sprep.org/,2026-09-30T08:19:16+00:00,[]
NR,Nauru,GIS/Geospatial data,https://pacific-data.sprep.org/,SOURCE VERIFIED,"Regional Pacific Environment Data Portal aggregates national and regional environmental datasets, including GIS files; regional supplement, not a national base-map portal. Direct HTTP check not performed.",Not tested,https://pacific-data.sprep.org/,2026-09-30T08:19:16+00:00,[]
FM,Micronesia,GIS/Geospatial data,https://pacific-data.sprep.org/,SOURCE VERIFIED,"Regional Pacific Environment Data Portal aggregates national and regional environmental datasets, including GIS files; regional supplement, not a national base-map portal. Direct HTTP check not performed.",Not tested,https://pacific-data.sprep.org/,2026-09-30T08:19:16+00:00,[]
TK,Tokelau,GIS/Geospatial data,https://pacific-data.sprep.org/,SOURCE VERIFIED,"Regional Pacific Environment Data Portal aggregates national and regional environmental datasets, including GIS files; regional supplement, not a national base-map portal. Direct HTTP check not performed.",Not tested,https://pacific-data.sprep.org/,2026-09-30T08:19:16+00:00,[]
NU,Niue,GIS/Geospatial data,https://pacific-data.sprep.org/,SOURCE VERIFIED,"Regional Pacific Environment Data Portal aggregates national and regional environmental datasets, including GIS files; regional supplement, not a national base-map portal. Direct HTTP check not performed.",Not tested,https://pacific-data.sprep.org/,2026-09-30T08:19:16+00:00,[]
TO,Tonga,GIS/Geospatial data,https://pacific-data.sprep.org/,SOURCE VERIFIED,"Regional Pacific Environment Data Portal aggregates national and regional environmental datasets, including GIS files; regional supplement, not a national base-map portal. Direct HTTP check not performed.",Not tested,https://pacific-data.sprep.org/,2026-09-30T08:19:16+00:00,[]
TV,Tuvalu,GIS/Geospatial data,https://pacific-data.sprep.org/,SOURCE VERIFIED,"Regional Pacific Environment Data Portal aggregates national and regional environmental datasets, including GIS files; regional supplement, not a national base-map portal. Direct HTTP check not performed.",Not tested,https://pacific-data.sprep.org/,2026-09-30T08:19:16+00:00,[]
KI,Kiribati,GIS/Geospatial data,https://pacific-data.sprep.org/,SOURCE VERIFIED,"Regional Pacific Environment Data Portal aggregates national and regional environmental datasets, including GIS files; regional supplement, not a national base-map portal. Direct HTTP check not performed.",Not tested,https://pacific-data.sprep.org/,2026-09-30T08:19:16+00:00,[]
PW,Palau,GIS/Geospatial data,https://pacific-data.sprep.org/,SOURCE VERIFIED,"Regional Pacific Environment Data Portal aggregates national and regional environmental datasets, including GIS files; regional supplement, not a national base-map portal. Direct HTTP check not performed.",Not tested,https://pacific-data.sprep.org/,2026-09-30T08:19:16+00:00,[]
VU,Vanuatu,GIS/Geospatial data,https://pacific-data.sprep.org/,SOURCE VERIFIED,"Regional Pacific Environment Data Portal aggregates national and regional environmental datasets, including GIS files; regional supplement, not a national base-map portal. Direct HTTP check not performed.",Not tested,https://pacific-data.sprep.org/,2026-09-30T08:19:16+00:00,[]
MH,Marshall Islands,GIS/Geospatial data,https://pacific-data.sprep.org/,SOURCE VERIFIED,"Regional Pacific Environment Data Portal aggregates national and regional environmental datasets, including GIS files; regional supplement, not a national base-map portal. Direct HTTP check not performed.",Not tested,https://pacific-data.sprep.org/,2026-09-30T08:19:16+00:00,[]
WS,Samoa,GIS/Geospatial data,https://pacific-data.sprep.org/,SOURCE VERIFIED,"Regional Pacific Environment Data Portal aggregates national and regional environmental datasets, including GIS files; regional supplement, not a national base-map portal. Direct HTTP check not performed.",Not tested,https://pacific-data.sprep.org/,2026-09-30T08:19:16+00:00,[]
BJ,Benin,GIS/Geospatial data,https://www.abe.bj/geoportail/,SOURCE VERIFIED,"Benin Environmental Agency geospatial portal with public thematic environmental layers; sector portal, not a national base-map catalog. Direct HTTP check not performed.",Not tested,https://www.abe.bj/geoportail/,2026-09-30T08:20:00+00:00,[]
BI,Burundi,GIS/Geospatial data,https://sp-bcg.gov.bi/,SOURCE VERIFIED,"Burundi Geomatics Centralization Office (BCG), official national geospatial data infrastructure coordination and information portal; public downloadable catalog not confirmed. Direct HTTP check not performed.",Not tested,https://sp-bcg.gov.bi/,2026-09-30T08:20:00+00:00,[]
DZ,Algeria,GIS/Geospatial data,https://bndg.asga.dz/bndg/CARTO200K_P/Default_BNDG.aspx,SOURCE VERIFIED,"Algerian National Institute of Cartography and Remote Sensing public map viewer with administrative, geological and relief layers; downloads/open licensing not confirmed. Direct HTTP check not performed.",Not tested,https://bndg.asga.dz/bndg/CARTO200K_P/Default_BNDG.aspx,2026-09-30T08:20:00+00:00,[]
CM,Cameroon,GIS/Geospatial data,https://feicom.cm/geoportail/,SOURCE VERIFIED,"Cameroon FEICOM local-government geospatial portal with thematic maps, statistical tables and public-data sharing. Direct HTTP check not performed.",Not tested,https://feicom.cm/geoportail/,2026-09-30T08:20:00+00:00,[]
ZA,South Africa,GIS/Geospatial data,https://nspdr.dlrrd.gov.za/,SOURCE VERIFIED,"South Africa National Spatial Planning Data Repository for government and research geospatial layers; most data are available under Creative Commons, subject to item terms. Direct HTTP check not performed.",Not tested,https://nspdr.dlrrd.gov.za/,2026-09-30T08:20:00+00:00,[]
TZ,Tanzania,GIS/Geospatial data,https://www.nbs.go.tz/statistics/topic/gis,SOURCE VERIFIED,Tanzania National Bureau of Statistics GIS data and shapefile portal. Direct HTTP check not performed.,Not tested,https://www.nbs.go.tz/statistics/topic/gis,2026-09-30T08:20:00+00:00,[]
MA,Morocco,GIS/Geospatial data,https://taamir.gov.ma/,SOURCE VERIFIED,Morocco national urban-planning geoportal with official geographic and zoning information; scope is urban planning. Direct HTTP check not performed.,Not tested,https://taamir.gov.ma/,2026-09-30T08:20:00+00:00,[]
ZW,Zimbabwe,GIS/Geospatial data,https://zimgeoportal.org.zw/,SOURCE VERIFIED,"Zimbabwe Geoportal, a community-maintained open-data platform with public datasets including Environmental Management Agency wetlands; not a government-owned national SDI. Direct HTTP check not performed.",Not tested,https://zimgeoportal.org.zw/,2026-09-30T08:20:00+00:00,[]
UG,Uganda,GIS/Geospatial data,https://www.ugnsdigeoportal.com/,SOURCE VERIFIED,Uganda National Planning Authority Pearl Geo Portal with geospatial datasets and metadata; service/access levels may vary. Direct HTTP check not performed.,Not tested,https://www.ugnsdigeoportal.com/,2026-09-30T08:20:00+00:00,[]
BE,Belgium,GIS/Geospatial data,https://www.geo.be/,SOURCE VERIFIED,"National geodata portal; official catalog of Belgian geodata, with openly licensed downloadable items. Direct HTTP check not performed.",Not tested,https://www.geo.be/,2026-09-30T08:21:30Z,[]
BW,Botswana,GIS/Geospatial data,https://geos.bgi.org.bw/GDP/Search/,SOURCE VERIFIED,Botswana Geoscience Institute geoscience data portal; offers downloadable data products. Direct HTTP check not performed.,Not tested,https://geos.bgi.org.bw/GDP/Search/,2026-09-30T08:21:30Z,[]
BN,Brunei,GIS/Geospatial data,https://geoportal.survey.gov.bn/map,SOURCE VERIFIED,Government of Brunei Darussalam Survey Department GeoPortal; map layers and export/download interface. Direct HTTP check not performed.,Not tested,https://geoportal.survey.gov.bn/map,2026-09-30T08:21:30Z,[]
GH,Ghana,GIS/Geospatial data,https://data.gov.gh/search?page=0%2C1&q=search&query=shapefiles+&sort_by=changed,SOURCE VERIFIED,"Official national open-data portal; verified search results include downloadable/ArcGIS-format shapefiles for districts, regions, roads, and other layers. Direct HTTP check not performed.",Not tested,https://data.gov.gh/search?page=0%2C1&q=search&query=shapefiles+&sort_by=changed,2026-09-30T08:22:22Z,[]
CI,Ivory Coast,GIS/Geospatial data,https://data.gouv.ci/,SOURCE VERIFIED,Official national open-data portal. Spatial datasets are not established from the portal evidence reviewed; included as the official catalog for further GIS discovery. Direct HTTP check not performed.,Not tested,https://data.gouv.ci/,2026-09-30T08:22:22Z,[]
LR,Liberia,GIS/Geospatial data,https://www.lisgis.gov.lr/,SOURCE VERIFIED,"Official Liberia Institute of Statistics and Geo-Information Services, the government’s principal geo-information agency; its site lists GIS Catalog and Open Data Portal. Direct HTTP check not performed.",Not tested,https://www.lisgis.gov.lr/,2026-09-30T08:22:22Z,[]
PA,Panama,GIS/Geospatial data,https://geo-01.innovacion.gob.pa/,SOURCE VERIFIED,"Panama government Geospatial Hub; catalog of maps, services, and data, with GeoServer and GeoNode publication. Complementary official geoservice/data catalogs include SINIA open geoservices. Direct HTTP check not performed.",Not tested,https://geo-01.innovacion.gob.pa/,2026-09-30T08:22:22Z,[]
MU,Mauritius,GIS/Geospatial data,https://geoportal.govmu.org/,SOURCE VERIFIED,"Mauritius Open National Spatial Data Infrastructure catalog for sharing geospatial datasets, maps, remote services, and dashboards. Direct HTTP check not performed.",Not tested,https://geoportal.govmu.org/,2026-09-30T08:22:22Z,[]
MD,Moldova,GIS/Geospatial data,https://geodata.gov.md/,SOURCE VERIFIED,"Official national thematic spatial-data geoportal; the Agency of Geodesy, Cartography and Cadastre confirms spatial data migrated here and are searchable, viewable, and downloadable. Direct HTTP check not performed.",Not tested,https://geodata.gov.md/,2026-09-30T08:22:22Z,[]
NO,Norway,GIS/Geospatial data,https://www.geonorge.no/en/,SOURCE VERIFIED,"Official national geoportal for Norwegian public map data and location information; supports dataset discovery, viewing, and download. Direct HTTP check not performed.",Not tested,https://www.geonorge.no/en/,2026-09-30T08:22:22Z,[]
ES,Spain,GIS/Geospatial data,https://centrodedescargas.cnig.es/CentroDescargas/,SOURCE VERIFIED,Official National Geographic Institute/CNIG download center; provides free downloadable geographic files under the public dissemination policy (subject to dataset-specific access/reuse terms). Direct HTTP check not performed.,Not tested,https://centrodedescargas.cnig.es/CentroDescargas/,2026-09-30T08:22:22Z,[]
SE,Sweden,GIS/Geospatial data,https://geotorget.lantmateriet.se/nationella-geodataplattformen,SOURCE VERIFIED,"National Geospatial Data Platform operated by Lantmäteriet; consumers can search, retrieve, and download standardized datasets from municipalities and government agencies. Some product use may require login. Direct HTTP check not performed.",Not tested,https://geotorget.lantmateriet.se/nationella-geodataplattformen,2026-09-30T08:22:22Z,[]
US,United States,GIS/Geospatial data,https://www.geoplatform.gov/,SOURCE VERIFIED,"Official shared federal service for discovering authoritative federal geospatial data, applications, and tools; the federal Data.gov guide confirms geospatial datasets are harvested into this portal. Direct HTTP check not performed.",Not tested,https://www.geoplatform.gov/,2026-09-30T08:22:22Z,[]
CH,Switzerland,GIS/Geospatial data,https://www.geo.admin.ch/,SOURCE VERIFIED,"Swiss federal geoportal providing maps, imagery, geodata, and geoservices. Swisstopo states current official basic geodata are available free online; terms may vary by dataset. Direct HTTP check not performed.",Not tested,https://www.geo.admin.ch/,2026-09-30T08:22:22Z,[]
AZ,Azerbaijan,GIS/Geospatial data,https://opendata.az/en/search?category=%5B%22cartography%22%5D,SOURCE VERIFIED,"Official state open-data portal; geographic datasets are specifically categorized, and the Ministry of Digital Development and Transport confirms 11 public geographic services with APIs and map layers. Direct HTTP check not performed.",Not tested,https://opendata.az/en/search?category=%5B%22cartography%22%5D,2026-09-30T08:23:50Z,[]
EG,Egypt,GIS/Geospatial data,https://geoportal.mwri.gov.eg/portal/home/,SOURCE VERIFIED,"Egyptian Ministry of Water Resources and Irrigation geospatial portal; public ArcGIS portal advertises map/query/data capabilities. Egypt’s CAPMAS describes a free public geo-informatics portal, but this particular portal may be sector-focused. Direct HTTP check not performed.",Not tested,https://geoportal.mwri.gov.eg/portal/home/,2026-09-30T08:23:50Z,[]
IL,Israel,GIS/Geospatial data,https://data.gov.il/he/datasets/ministry_of_agriculture/gis,SOURCE VERIFIED,Official Israeli government open-data GIS dataset catalog; government GIS datasets are publicly discoverable. Direct HTTP check not performed.,Not tested,https://data.gov.il/he/datasets/ministry_of_agriculture/gis,2026-09-30T08:23:50Z,[]
NG,Nigeria,GIS/Geospatial data,https://ngsa.gov.ng/geodata-centre/,SOURCE VERIFIED,"Nigerian Geological Survey Agency GeoData Centre, an official repository and GeoNetwork catalog for national geoscientific data. This is a thematic geospatial repository, not a general national base-map portal. Direct HTTP check not performed.",Not tested,https://ngsa.gov.ng/geodata-centre/,2026-09-30T08:23:50Z,[]
PK,Pakistan,GIS/Geospatial data,https://www.pbs.gov.pk/gis/,SOURCE VERIFIED,Pakistan Bureau of Statistics Geography/GIS section; provides census mapping and administrative spatial information. Access terms/downloadability may vary by product. Direct HTTP check not performed.,Not tested,https://www.pbs.gov.pk/gis/,2026-09-30T08:23:50Z,[]
QA,Qatar,GIS/Geospatial data,https://gisqatar.org.qa/geoportal/,SOURCE VERIFIED,Qatar Centre for Geographic Information Systems portal aggregating government spatial data available through the National GIS Network. Some data may be subject to access conditions. Direct HTTP check not performed.,Not tested,https://gisqatar.org.qa/geoportal/,2026-09-30T08:23:50Z,[]
SA,Saudi Arabia,GIS/Geospatial data,https://geoportal.geosa.gov.sa/geoportal/,SOURCE VERIFIED,"Saudi National Geospatial Platform; includes a defined open-data service for unrestricted downloadable geospatial datasets, alongside request-based access to other national layers. Direct HTTP check not performed.",Not tested,https://geoportal.geosa.gov.sa/geoportal/,2026-09-30T08:23:50Z,[]
TR,Turkey,GIS/Geospatial data,https://cbs.csb.gov.tr/ulusal-cografi-bilgi-platformu-112860,SOURCE VERIFIED,Türkiye National Geographic Information Platform run by the Ministry’s GIS Directorate; integrates national geospatial metadata and map viewing. Download access is authorization-dependent. Direct HTTP check not performed.,Not tested,https://cbs.csb.gov.tr/ulusal-cografi-bilgi-platformu-112860,2026-09-30T08:23:50Z,[]
GB,United Kingdom,GIS/Geospatial data,https://www.ons.gov.uk/methodology/geography/geographicalproducts/opengeography,SOURCE VERIFIED,"UK Office for National Statistics Open Geography framework; definitive source for geographic products, tools and services, free downloads under OGL subject to third-party terms. Direct HTTP check not performed.",Not tested,https://www.ons.gov.uk/methodology/geography/geographicalproducts/opengeography,2026-09-30T08:23:50Z,[]
PF,French Polynesia,GIS/Geospatial data,https://www.geoportail.gouv.fr/entite/polynesie,SOURCE VERIFIED,"Official French government Géoportail coverage page for French Polynesia, linking mapped geographic information for the territory. Dataset access and licensing vary by layer. Direct HTTP check not performed.",Not tested,https://www.geoportail.gouv.fr/entite/polynesie,2026-09-30T08:23:50Z,[]
BY,Belarus,GIS/Geospatial data,https://gismap.by/,SOURCE VERIFIED,"Belarus State Property Committee identifies this as the official land-information geoportal, with a public “Open Data” section; some functions require login. A national geoportal launched in 2026, but its separate public URL was not confirmed. Direct HTTP check not performed.",Not tested,https://gismap.by/,2026-09-30T08:23:50Z,[]
UA,Ukraine,GIS/Geospatial data,https://nsdi.gov.ua/,SOURCE VERIFIED,"Ukraine National Geoportal for the National Spatial Data Infrastructure; provides dataset metadata, map viewing, geospatial APIs, and baseline layers. Current public functionality may be restricted under martial law. Direct HTTP check not performed.",Not tested,https://nsdi.gov.ua/,2026-09-30T08:24:11Z,[]
TN,Tunisia,GIS/Geospatial data,https://www.data.gov.tn/fr/,SOURCE VERIFIED,"Tunisia national open-data portal; for spatial layers, also see Ministry of Interior and Environment open-data catalogs. Direct HTTP check not performed.",Not tested,https://www.data.gov.tn/fr/,2026-09-30T08:24:11Z,[]
RO,Romania,GIS/Geospatial data,https://gismaps.go.ro/,SOURCE VERIFIED,"Romanian government GIS Portal provides spatial data, maps, and services. The separate national INSPIRE geoportal has reported access/read-only limitations; this is an alternate public portal. Direct HTTP check not performed.",Not tested,https://gismaps.go.ro/,2026-09-30T08:24:11Z,[]
VE,Venezuela,GIS/Geospatial data,https://www.igvsb.gob.ve/,SOURCE VERIFIED,Official Instituto Geográfico de Venezuela Simón Bolívar; national geographic institute. Public open-download catalog not confirmed; included as official geospatial authority entry point. Direct HTTP check not performed.,Not tested,https://www.igvsb.gob.ve/,2026-09-30T08:24:11Z,[]
AF,Afghanistan,GIS/Geospatial data,https://mcit.gov.af/sites/default/files/2021-06/Afghanistan%20Geospatial%20Data%20Standardisation%20policy.PDF,SOURCE VERIFIED,"Afghanistan geospatial policy document hosted by government confirms government-wide spatial-data standards, but no functioning open national portal was found. This is an official reference, not an open-data catalog. Direct HTTP check not performed.",Not tested,https://mcit.gov.af/sites/default/files/2021-06/Afghanistan%20Geospatial%20Data%20Standardisation%20policy.PDF,2026-09-30T08:24:11Z,[]
SG,Singapore,GIS/Geospatial data,https://data.gov.sg/datasets?page=1&query=land&resultId=d_e7395d743076a2bcc487b0d12b9bf33b,SOURCE VERIFIED,Official government open-data catalog; geospatial category and direct downloadable spatial datasets include SLA cadastral polygons in GeoJSON. OneMap is the authoritative national map and API portal. Direct HTTP check not performed.,Not tested,https://data.gov.sg/datasets?page=1&query=land&resultId=d_e7395d743076a2bcc487b0d12b9bf33b,2026-09-30T08:25:07Z,[]
RS,Serbia,GIS/Geospatial data,https://www.rgz.gov.rs/en-geo-srbija,SOURCE VERIFIED,Serbia’s national GeoSrbija spatial data platform; official authority says it combines 335+ datasets from public bodies and 44 geospatial services. Direct HTTP check not performed.,Not tested,https://www.rgz.gov.rs/en-geo-srbija,2026-09-30T08:25:07Z,[]
ME,Montenegro,GIS/Geospatial data,https://wis.gov.me/geoportal,SOURCE VERIFIED,"Montenegro Water Information System geoportal, operated by the government Water Administration; map layers include waterways, infrastructure, cadastre, water bodies and monitoring. Direct HTTP check not performed.",Not tested,https://wis.gov.me/geoportal,2026-09-30T08:25:07Z,[]
HU,Hungary,GIS/Geospatial data,https://inspire.gov.hu/,SOURCE VERIFIED,Hungary’s official INSPIRE geoportal/server for national spatial datasets and metadata. Access/download openness can vary by service. Direct HTTP check not performed.,Not tested,https://inspire.gov.hu/,2026-09-30T08:25:07Z,[]
RU,Russia,GIS/Geospatial data,https://data.gov.ru/datasets,SOURCE VERIFIED,Russian Federation open-data portal with a dedicated Cartography category and datasets from national and regional agencies. Direct HTTP check not performed.,Not tested,https://data.gov.ru/datasets,2026-09-30T08:25:07Z,[]
KG,Kyrgyzstan,GIS/Geospatial data,https://portal.water.gov.kg/index.php/en/,SOURCE VERIFIED,"Kyrgyz Republic Water Resources Service geo-information portal; provides geospatial information on GIS, cartography, remote sensing, geodesy, topography and cadastre; access may be tiered. Direct HTTP check not performed.",Not tested,https://portal.water.gov.kg/index.php/en/,2026-09-30T08:25:07Z,[]
BA,Bosnia and Herzegovina,GIS/Geospatial data,https://ippfbih.gov.ba/web-viewer/,SOURCE VERIFIED,Federation of Bosnia and Herzegovina Spatial Data Infrastructure geoportal viewer; official web GIS and metadata catalog for participating datasets. This is entity-level coverage within Bosnia and Herzegovina. Direct HTTP check not performed.,Not tested,https://ippfbih.gov.ba/web-viewer/,2026-09-30T08:25:07Z,[]
XK,Kosovo,GIS/Geospatial data,https://geoportal.rks-gov.net/portal/main,SOURCE VERIFIED,"Kosovo government State Geoportal operated by the Cadastral Agency; map layers include orthophotos, administrative units, topographic and digital terrain data, cadastral units, roads, and other themes. Direct HTTP check not performed.",Not tested,https://geoportal.rks-gov.net/portal/main,2026-09-30T08:25:07Z,[]
BL,Saint Barthelemy,GIS/Geospatial data,https://www.geoportail.gouv.fr/entite/saint-barthelemy,SOURCE VERIFIED,Official French government Géoportail geographic coverage page for Saint-Barthélemy. This is a territory-specific map entry point; access and licensing vary by layer. Direct HTTP check not performed.,Not tested,https://www.geoportail.gouv.fr/entite/saint-barthelemy,2026-09-30T08:25:07Z,[]
MF,Saint Martin,GIS/Geospatial data,https://www.geoportail.gouv.fr/entite/saint-martin,SOURCE VERIFIED,Official French government Géoportail geographic coverage page for Saint-Martin. This is a territory-specific map entry point; access and licensing vary by layer. Direct HTTP check not performed.,Not tested,https://www.geoportail.gouv.fr/entite/saint-martin,2026-09-30T08:25:07Z,[]
PM,Saint Pierre and Miquelon,GIS/Geospatial data,https://www.data.gouv.fr/datasets/decoupage-administratif-des-com-st-martin-et-st-barthelemy-et-com-saint-pierre-et-miquelon-format-admin-express,SOURCE VERIFIED,France data.gouv administrative boundaries dataset includes Saint-Pierre-et-Miquelon in Shapefile and GeoJSON. Territory-specific national open-data portal not identified. Direct HTTP check not performed.,Not tested,https://www.data.gouv.fr/datasets/decoupage-administratif-des-com-st-martin-et-st-barthelemy-et-com-saint-pierre-et-miquelon-format-admin-express,2026-09-30T08:25:07Z,[]
AD,Andorra,GIS/Geospatial data,https://www.cartografia.ad/geoportal,SOURCE VERIFIED,"IDE Andorra official spatial data infrastructure; map viewer, metadata catalog, OGC services, and geographic-data downloads. Direct HTTP check not performed.",Not tested,https://www.cartografia.ad/geoportal,2026-09-30T08:25:28Z,[]
AQ,Antarctica,GIS/Geospatial data,https://www.bas.ac.uk/project/add/,SOURCE VERIFIED,"SCAR Antarctic Digital Database, maintained through the British Antarctic Survey mapping centre; Antarctica-wide topographic datasets, viewer, and CC BY 4.0 downloads. Antarctica has no national government portal. Direct HTTP check not performed.",Not tested,https://www.bas.ac.uk/project/add/,2026-09-30T08:25:28Z,[]
BB,Barbados,GIS/Geospatial data,https://www.landsandsurveys.gov.bb/pages/MapProducts.html,SOURCE VERIFIED,"Barbados Lands and Surveys Department official map and GIS products page; digital vector datasets are available in GIS formats but are priced/on request, not unrestricted open data. Direct HTTP check not performed.",Not tested,https://www.landsandsurveys.gov.bb/pages/MapProducts.html,2026-09-30T08:25:45Z,[]
SC,Seychelles,GIS/Geospatial data,https://www.gis.gov.sc/portal/apps/experiencebuilder/experience/?dlg=Window---Related-Links&id=48aa75ec829048fd942cef4f1cdb2008&page=Map-Viewer&views=Filter,SOURCE VERIFIED,Government of Seychelles Centre for GIS WebGIS; official browser-based portal for exploring spatial data. Public bulk-download/license conditions vary by data layer. Direct HTTP check not performed.,Not tested,https://www.gis.gov.sc/portal/apps/experiencebuilder/experience/?dlg=Window---Related-Links&id=48aa75ec829048fd942cef4f1cdb2008&page=Map-Viewer&views=Filter,2026-09-30T08:25:45Z,[]
KY,Cayman Islands,GIS/Geospatial data,https://www.caymanlandinfo.ky/,SOURCE VERIFIED,Cayman Islands Lands & Survey Department official GIS entry point; National GIS offers interactive mapping and geographic datasets through web services. Terms/access vary by product. Direct HTTP check not performed.,Not tested,https://www.caymanlandinfo.ky/,2026-09-30T08:26:15Z,[]
AW,Aruba,GIS/Geospatial data,https://aruba.climateimpactatlas.com/en/,SOURCE VERIFIED,"Aruba Climate Impact Atlas, developed with Aruba’s Meteorological Department; its FAQ confirms GIS downloads in GeoPackage/GeoTIFF under CC BY 4.0, available free on request through the download form. Sectoral, not a general national base-data portal. Direct HTTP check not performed.",Not tested,https://aruba.climateimpactatlas.com/en/,2026-09-30T08:26:15Z,[]
CW,Curacao,GIS/Geospatial data,https://www.dcbd.nl/,SOURCE VERIFIED,"Dutch Caribbean Biodiversity Database geospatial map and data portal includes Aruba, Curaçao and other Dutch Caribbean islands; thematic biodiversity/monitoring coverage, not a general national base-map portal. Direct HTTP check not performed.",Not tested,https://www.dcbd.nl/,2026-09-30T08:26:15Z,[]
DJ,Djibouti,GIS/Geospatial data,https://geonode.igad.int/,SOURCE VERIFIED,"IGAD regional Spatial Web Portal includes Djibouti and member-state datasets, with searchable/downloadable geospatial layers. Regional supplement, not a Djibouti national portal. Direct HTTP check not performed.",Not tested,https://geonode.igad.int/,2026-09-30T08:26:15Z,[]
KM,Comoros,GIS/Geospatial data,https://comoros.opendataforafrica.org/,SOURCE VERIFIED,African Development Bank Open Data for Africa country portal for Comoros; geospatial datasets may be available among country indicators. Not a dedicated national GIS portal. Direct HTTP check not performed.,Not tested,https://comoros.opendataforafrica.org/,2026-09-30T08:26:15Z,[]
GM,Gambia,GIS/Geospatial data,https://gambiageoportal.gmportals.org/,SOURCE VERIFIED,"The Gambia Geo-Portal is a spatial visualization/storage and dataset/map sharing platform. This is a regional project/community GeoNode, not confirmed as the national government SDI. Direct HTTP check not performed.",Not tested,https://gambiageoportal.gmportals.org/,2026-09-30T08:26:41Z,[]
GN,Guinea,GIS/Geospatial data,https://cadastre.mines.gov.gn/arcgis/rest/services,SOURCE VERIFIED,"Government of Guinea ArcGIS REST services for the Ministry of Mines cadastre, including a public country map service. The full Landfolio cadastral application requires login; this is a thematic government geoservice, not a general open national portal. Direct HTTP check not performed.",Not tested,https://cadastre.mines.gov.gn/arcgis/rest/services,2026-09-30T08:26:41Z,[]
LB,Lebanon,GIS/Geospatial data,https://gis.lbn.wfp.org/,SOURCE VERIFIED,"UN World Food Programme Lebanon geospatial hub with downloadable thematic layers for boundaries, population, transport, hydrography and other topics. International/humanitarian source, not a national government portal. Direct HTTP check not performed.",Not tested,https://gis.lbn.wfp.org/,2026-09-30T08:27:04Z,[]
LA,Laos,GIS/Geospatial data,https://nfms.maf.gov.la/,SOURCE VERIFIED,"Lao PDR National Forest Monitoring System GeoNode, hosted by the Ministry of Agriculture and Forestry; publishes forestry and land-cover geospatial data/services. Thematic, not a general national base-map portal. Direct HTTP check not performed.",Not tested,https://nfms.maf.gov.la/,2026-09-30T08:27:04Z,[]
JO,Jordan,GIS/Geospatial data,https://opendata.gov.jo/en/,SOURCE VERIFIED,Official Jordanian open-data portal with a dedicated Maps and Geographic Locations sector (33 datasets listed) and an open-government-data license. Some records may link out to map services. Direct HTTP check not performed.,Not tested,https://opendata.gov.jo/en/,2026-09-30T08:27:33Z,[]
KW,Kuwait,GIS/Geospatial data,https://gis.csb.gov.kw/en/,SOURCE VERIFIED,Kuwait Central Statistical Bureau census geoportal with official demographic/census geographic information. This portal is specifically for the 2011 census and requires accepting site terms; not a general current national SDI. Direct HTTP check not performed.,Not tested,https://gis.csb.gov.kw/en/,2026-09-30T08:27:33Z,[]
OM,Oman,GIS/Geospatial data,https://nsaomangeoportal.gov.om/,SOURCE VERIFIED,Official Oman National Survey and Geospatial Information Authority portal; national mapping/geospatial products and services. Some layers/products may require registration or request. Direct HTTP check not performed.,Not tested,https://nsaomangeoportal.gov.om/,2026-09-30T08:27:33Z,[]
HT,Haiti,GIS/Geospatial data,https://cnigs.ht/,SOURCE VERIFIED,"Haiti National Centre for Geospatial Information (CNIGS), a public autonomous institution under the Ministry of Planning; official mandate includes producing, updating, archiving, and disseminating spatial data. This is the institutional entry point; direct bulk-download catalog not confirmed. Direct HTTP check not performed.",Not tested,https://cnigs.ht/,2026-09-30T08:27:50Z,[]
TD,Chad,GIS/Geospatial data,https://www.cdig.td/,SOURCE VERIFIED,"Chad Centre for Geographic Documentation and Information, a national geographic-data resource center; site links to a geoportal and databases (SITEAU/SIRE). Data theme emphasizes water/geographic information. Direct HTTP check not performed.",Not tested,https://www.cdig.td/,2026-09-30T08:28:16Z,[]
NE,Niger,GIS/Geospatial data,https://www.ignn.net/,SOURCE VERIFIED,"Niger National Geographic Institute (IGNN), the national public institute responsible for topographic/cartographic coverage and geographic information; maps and digital data products are sold/request-based, so this is an agency source rather than a free open-data portal. Direct HTTP check not performed.",Not tested,https://www.ignn.net/,2026-09-30T08:28:16Z,[]
BF,Burkina Faso,GIS/Geospatial data,https://www.igb.bf/bases-de-donnees-spatiales/,SOURCE VERIFIED,"Official Institut Géographique du Burkina page documents nationwide digital topographic and land-cover datasets in GIS formats; institutional catalog, not an unrestricted public download portal. Direct HTTP check not performed.",Not tested,https://www.igb.bf/bases-de-donnees-spatiales/,2026-09-30T08:31:10Z,[]
KH,Cambodia,GIS/Geospatial data,https://data.mef.gov.kh/datasets/pd_68e370856a965e00074a5e7b,SOURCE VERIFIED,"Government data catalog entry for the official Cambodia Geographical List 2025, managed by the Ministry of Land Management, Urban Planning and Construction, with download/API; administrative reference data rather than a full GIS portal. Direct HTTP check not performed.",Not tested,https://data.mef.gov.kh/datasets/pd_68e370856a965e00074a5e7b,2026-09-30T08:31:10Z,[]
CF,Central African Republic,GIS/Geospatial data,https://salb.un.org/en/data/caf,SOURCE VERIFIED,"UN Geospatial SALB page offers validated administrative boundary data for Central African Republic in GeoJSON, Shapefile and API formats; international dataset, not a national open-data portal. Direct HTTP check not performed.",Not tested,https://salb.un.org/en/data/caf,2026-09-30T08:31:10Z,[]
GA,Gabon,GIS/Geospatial data,https://ageos.ga/,SOURCE VERIFIED,"Official Gabonese Agency for Space Studies and Observations (AGEOS), responsible for collecting, analyzing and making national satellite-observation data available; agency source, direct public dataset catalog not confirmed. Direct HTTP check not performed.",Not tested,https://ageos.ga/,2026-09-30T08:31:10Z,[]
KE,Kenya,GIS/Geospatial data,https://maarifa.cog.go.ke/article/gis-dashboards-data,SOURCE VERIFIED,"Council of Governors GIS Resource Centre provides discovery, access and visualization of county geospatial data; intergovernmental/county resource, not a national mapping-agency portal. Direct HTTP check not performed.",Not tested,https://maarifa.cog.go.ke/article/gis-dashboards-data,2026-09-30T08:31:10Z,[]
TL,East Timor,GIS/Geospatial data,https://www.mj.gov.tl/?q=node%2F1480,SOURCE VERIFIED,"Official Timor-Leste Directorate of National Geospatial Information page links the Portal Geo-Spacial and describes national geospatial infrastructure; data access may require authorization, especially for SHP/TIF/ECW. Direct HTTP check not performed.",Not tested,https://www.mj.gov.tl/?q=node%2F1480,2026-09-30T08:31:10Z,[]
JM,Jamaica,GIS/Geospatial data,https://metadata.nspit.info/,SOURCE VERIFIED,Jamaica National Spatial Planning Information Technology metadata portal documents national spatial layers and WFS download links where enabled; portal notes datasets/download availability vary by layer. Direct HTTP check not performed.,Not tested,https://metadata.nspit.info/,2026-09-30T08:31:10Z,[]
LY,Libya,GIS/Geospatial data,https://portal.lsdi.ly/,SOURCE VERIFIED,"Libya Spatial Data Infrastructure portal lists 1,794 geospatial records from multiple public bodies including environment, agriculture, utilities, roads, statistics and surveying. Direct HTTP check not performed.",Not tested,https://portal.lsdi.ly/,2026-09-30T08:31:10Z,[]
LI,Liechtenstein,GIS/Geospatial data,https://service.geo.llv.li/en/,SOURCE VERIFIED,"Liechtenstein National Administration geodata portal provides public online maps, metadata catalog, and free geodata download area. Direct HTTP check not performed.",Not tested,https://service.geo.llv.li/en/,2026-09-30T08:31:10Z,[]
MO,Macau,GIS/Geospatial data,https://geomatics.dsscu.gov.mo/en/,SOURCE VERIFIED,"Official Macao Survey, Mapping and Geoinformation portal aggregates online maps, cadastral information, geospatial applications, map services and geodata. Direct HTTP check not performed.",Not tested,https://geomatics.dsscu.gov.mo/en/,2026-09-30T08:31:10Z,[]
MG,Madagascar,GIS/Geospatial data,https://www.resiliencemada.gov.mg/catalogue/,SOURCE VERIFIED,"Madagascar resilience GeoNode catalog provides public geospatial datasets, maps and downloadable layers; disaster-risk and resilience thematic coverage, not a national general-purpose SDI. Direct HTTP check not performed.",Not tested,https://www.resiliencemada.gov.mg/catalogue/,2026-09-30T08:31:10Z,[]
SO,Somalia,GIS/Geospatial data,https://spatial.faoswalim.org/,SOURCE VERIFIED,"FAO SWALIM Geoportal provides open GIS datasets, maps and metadata for Somalia across boundaries, agriculture, water, land use, hazards and transport; international thematic source. Direct HTTP check not performed.",Not tested,https://spatial.faoswalim.org/,2026-09-30T08:31:10Z,[]
SS,South Sudan,GIS/Geospatial data,https://www.ssnbss.org/home/geographical-information-system/,SOURCE VERIFIED,South Sudan National Bureau of Statistics GIS/RS and Cartography unit is the mapping authority and coordinates/disseminates sectoral geospatial data; some access through the information-sharing group may require an MOU. Direct HTTP check not performed.,Not tested,https://www.ssnbss.org/home/geographical-information-system/,2026-09-30T08:31:10Z,[]
SD,Sudan,GIS/Geospatial data,https://www.nic.gov.sd/public/projectDetails/3,SOURCE VERIFIED,"Sudan National Information Center page describes the national spatial portal with interactive map browsing and OGC WMS/WFS services; national portal, public access status may vary. Direct HTTP check not performed.",Not tested,https://www.nic.gov.sd/public/projectDetails/3,2026-09-30T08:31:10Z,[]
SR,Suriname,GIS/Geospatial data,https://www.surinameredd.org/nl/documentatie/geoportaal/,SOURCE VERIFIED,Official Suriname REDD+ documentation describes GONINI as the national geoportal providing maps and current geographic data to the public; forest/environment emphasis. Direct HTTP check not performed.,Not tested,https://www.surinameredd.org/nl/documentatie/geoportaal/,2026-09-30T08:31:10Z,[]
TW,Taiwan,GIS/Geospatial data,https://maps.nlsc.gov.tw/open/,SOURCE VERIFIED,"Taiwan National Land Surveying and Mapping Center Taiwan Map Service provides public WMS/WMTS spatial layers including electronic maps, orthophotos, land-use and village boundaries; open data licensing varies by layer. Direct HTTP check not performed.",Not tested,https://maps.nlsc.gov.tw/open/,2026-09-30T08:31:10Z,[]
TJ,Tajikistan,GIS/Geospatial data,https://geoportal.tj/,SOURCE VERIFIED,"Tajikistan government geospatial portal provides free public map-based cadastral/location information; scope emphasizes land parcels and property registration, with separate staff-only services. Direct HTTP check not performed.",Not tested,https://geoportal.tj/,2026-09-30T08:31:10Z,[]
TT,Trinidad and Tobago,GIS/Geospatial data,https://www.surveys.gov.tt/publicmap,SOURCE VERIFIED,"Trinidad and Tobago Surveys and Mapping Division official cadastral public map and related national geodetic/mapping services; land/cadastral focus, not a general open-data catalog. Direct HTTP check not performed.",Not tested,https://www.surveys.gov.tt/publicmap,2026-09-30T08:31:10Z,[]
AE,United Arab Emirates,GIS/Geospatial data,https://u.ae/en/about-the-uae/digital-uae/data/geospatial-data-platforms,SOURCE VERIFIED,"Official UAE government page catalogs national and emirate-level geospatial platforms (1MAP, Union Atlas, environmental geospatial platform, Bayanat and Abu Dhabi SDI), with access and openness varying by platform. Direct HTTP check not performed.",Not tested,https://u.ae/en/about-the-uae/digital-uae/data/geospatial-data-platforms,2026-09-30T08:31:10Z,[]
UZ,Uzbekistan,GIS/Geospatial data,https://open.ngis.uz/,SOURCE VERIFIED,Official Uzbekistan National Geoinformation Portal of the Cadastre Agency provides public information from the state real-property rights registry; access includes user identification and registration. Direct HTTP check not performed.,Not tested,https://open.ngis.uz/,2026-09-30T08:31:10Z,[]
KR,South Korea,GIS/Geospatial data,https://www.data.go.kr/data/15058805/openapi.do,SOURCE VERIFIED,"Republic of Korea Ministry of Land, Infrastructure and Transport public data catalog entry for free OGC WMS/WFS national spatial-information services; some services require application/API key and access is subject to restrictions. Direct HTTP check not performed.",Not tested,https://www.data.go.kr/data/15058805/openapi.do,2026-09-30T08:31:10Z,[]
SV,El Salvador,GIS/Geospatial data,https://simacc.ambiente.gob.sv/,SOURCE VERIFIED,Official El Salvador environmental and climate information platform integrates geospatial layers and interactive analysis; thematic environmental coverage. Direct HTTP check not performed.,Not tested,https://simacc.ambiente.gob.sv/,2026-09-30T08:31:10Z,[]
BM,Bermuda,GIS/Geospatial data,https://www3.gov.bm/climatechange,SOURCE VERIFIED,"Government of Bermuda page links its GIS platform for climate-study geospatial layers (sea-level rise, vulnerability and adaptation measures); thematic public mapping resource. Direct HTTP check not performed.",Not tested,https://www3.gov.bm/climatechange,2026-09-30T08:32:59Z,[]
CX,Christmas Island,GIS/Geospatial data,https://researchdata.edu.au/christmas-island-gis-2013-release/1273030,SOURCE VERIFIED,"Australian research-data record for the open-licence Christmas Island GIS data package, including orthophotography, topography, mining, cultural and environmental features; archived, not a current portal. Direct HTTP check not performed.",Not tested,https://researchdata.edu.au/christmas-island-gis-2013-release/1273030,2026-09-30T08:32:59Z,[]
CC,Cocos Islands,GIS/Geospatial data,https://data.gov.au/data/dataset/cocos-island-dem-2011,SOURCE VERIFIED,Australian Government data.gov.au record provides Cocos (Keeling) Islands elevation GIS data; single dataset rather than territory-wide geoportal. Direct HTTP check not performed.,Not tested,https://data.gov.au/data/dataset/cocos-island-dem-2011,2026-09-30T08:32:59Z,[]
CU,Cuba,GIS/Geospatial data,http://www.iderc.co.cu/,SOURCE VERIFIED,Cuba National Spatial Data Infrastructure (IDERC) geoportal documented in UN-GGIM country material; portal availability and current access not independently confirmed. Direct HTTP check not performed.,Not tested,http://www.iderc.co.cu/,2026-09-30T08:32:59Z,[]
CD,Democratic Republic of the Congo,GIS/Geospatial data,https://anat.gouv.cd/services,SOURCE VERIFIED,"DR Congo National Agency for Territorial Planning (ANAT) describes its territorial data portal providing national geospatial/statistical data in CSV, GeoJSON and Shapefile formats. Direct HTTP check not performed.",Not tested,https://anat.gouv.cd/services,2026-09-30T08:32:59Z,[]
FO,Faroe Islands,GIS/Geospatial data,https://www.foroyakort.fo/um-foeroyakort/english,SOURCE VERIFIED,"Faroe Islands Environment Agency authority page says Føroyakort publishes authoritative maps and geodata with free downloads, web services and applications. Direct HTTP check not performed.",Not tested,https://www.foroyakort.fo/um-foeroyakort/english,2026-09-30T08:32:59Z,[]
IQ,Iraq,GIS/Geospatial data,https://igp.ur.gov.iq/,SOURCE VERIFIED,"Official Iraq Geographic Portal (IGP) offers geospatial services across public, student and community areas; service access/content availability may vary. Direct HTTP check not performed.",Not tested,https://igp.ur.gov.iq/,2026-09-30T08:32:59Z,[]
MM,Myanmar,GIS/Geospatial data,https://geonode.themimu.info/,SOURCE VERIFIED,"Myanmar Information Management Unit GeoNode shares downloadable geospatial layers and OGC services for Myanmar; humanitarian/inter-agency resource, not a government portal. Direct HTTP check not performed.",Not tested,https://geonode.themimu.info/,2026-09-30T08:32:59Z,[]
MK,Macedonia,GIS/Geospatial data,https://nipp.katastar.gov.mk/geoportal,SOURCE VERIFIED,"North Macedonia National Spatial Data Infrastructure geoportal is documented as hosting public geospatial datasets, metadata and web services from government and public institutions; endpoint can be intermittently inaccessible. Direct HTTP check not performed.",Not tested,https://nipp.katastar.gov.mk/geoportal,2026-09-30T08:32:59Z,[]
YT,Mayotte,GIS/Geospatial data,https://www.mayotte.developpement-durable.gouv.fr/observatoire-de-mayotte-portail-sig-a85.html,SOURCE VERIFIED,French State DEALM Mayotte page describes the island’s Observatoire de Mayotte GIS sharing map and PDF data among state services and public partners. Direct HTTP check not performed.,Not tested,https://www.mayotte.developpement-durable.gouv.fr/observatoire-de-mayotte-portail-sig-a85.html,2026-09-30T08:32:59Z,[]
NC,New Caledonia,GIS/Geospatial data,https://georep.nc/,SOURCE VERIFIED,"Géorep is the Government of New Caledonia geographic-information portal for datasets, map services and applications. Direct HTTP check not performed.",Not tested,https://georep.nc/,2026-09-30T08:32:59Z,[]
PS,Palestine,GIS/Geospatial data,https://geoportal.nsdi.ps/,SOURCE VERIFIED,"Palestine National Spatial Data Infrastructure Geoportal provides datasets, maps and geographic services via WMS/WFS/WCS; access to individual layers may vary. Direct HTTP check not performed.",Not tested,https://geoportal.nsdi.ps/,2026-09-30T08:32:59Z,[]
ST,Sao Tome and Principe,GIS/Geospatial data,https://dados.gov.pt/datasets/sao-tome-e-principe-toponimia-1/,SOURCE VERIFIED,"Portuguese public open-data portal hosts a downloadable CC BY 4.0 gazetteer dataset for São Tomé and Príncipe; single dataset, no national GIS portal located. Direct HTTP check not performed.",Not tested,https://dados.gov.pt/datasets/sao-tome-e-principe-toponimia-1/,2026-09-30T08:32:59Z,[]
TC,Turks and Caicos Islands,GIS/Geospatial data,https://dataportal.gov.tc/,SOURCE VERIFIED,"Government Turks and Caicos data portal catalogs geospatial datasets including boundaries, elevation, imagery, environment and habitat maps. Direct HTTP check not performed.",Not tested,https://dataportal.gov.tc/,2026-09-30T08:32:59Z,[]
VI,U.S. Virgin Islands,GIS/Geospatial data,https://ltg.gov.vi/departments/gis-program/,SOURCE VERIFIED,Official USVI Office of the Lieutenant Governor GIS Program page describes the territory GIS division and its geospatial backbone; public data catalog not confirmed. Direct HTTP check not performed.,Not tested,https://ltg.gov.vi/departments/gis-program/,2026-09-30T08:32:59Z,[]
WF,Wallis and Futuna,GIS/Geospatial data,https://www.wallis-et-futuna.gouv.fr/Actualites/Plateforme-SIG-Un-outil-strategique-pour-le-developpement-de-Wallis-et-Futuna,SOURCE VERIFIED,Official Wallis and Futuna administration page documents launch/implementation of a local open-source GIS platform; public portal and downloadable data were not confirmed. Direct HTTP check not performed.,Not tested,https://www.wallis-et-futuna.gouv.fr/Actualites/Plateforme-SIG-Un-outil-strategique-pour-le-developpement-de-Wallis-et-Futuna,2026-09-30T08:32:59Z,[]
SM,San Marino,GIS/Geospatial data,https://mappeonline.pa.sm/portal/sharing/portals/self,SOURCE VERIFIED,"San Marino Government ArcGIS portal for cartographic resources and services, managed by the Department of Territory; access/download scope varies. Direct HTTP check not performed.",Not tested,https://mappeonline.pa.sm/portal/sharing/portals/self,2026-09-30T08:32:59Z,[]
MR,Mauritania,GIS/Geospatial data,https://mdp.dgct.mr/map,SOURCE VERIFIED,"Mauritania Directorate General of Territorial Communities map portal displays administrative divisions and commune-level indicators; thematic government GIS, not a general dataset catalog. Direct HTTP check not performed.",Not tested,https://mdp.dgct.mr/map,2026-09-30T08:32:59Z,[]
AS,American Samoa,GIS/Geospatial data,https://americansamoa-data.sprep.org/,SOURCE VERIFIED,SPREP-supported territorial environment portal; includes GIS/spatial data dashboard and public datasets. Direct HTTP check not performed.,Not tested,https://americansamoa-data.sprep.org/,2026-09-30T08:35:04Z,[]
FK,Falkland Islands,GIS/Geospatial data,https://www.gov.fk/mineralresources/regulatory/data-management/,SOURCE VERIFIED,"Falkland Islands Government page for the Falklands Data Centre, described as the central repository for environmental data; access/licensing can vary by dataset. Direct HTTP check not performed.",Not tested,https://www.gov.fk/mineralresources/regulatory/data-management/,2026-09-30T08:35:04Z,[]
GG,Guernsey,GIS/Geospatial data,https://maps.digimap.gg/,SOURCE VERIFIED,"States of Guernsey Digimap public mapping service; public map layers/services are available, while some corporate datasets are licensed. Direct HTTP check not performed.",Not tested,https://maps.digimap.gg/,2026-09-30T08:35:04Z,[]
IM,Isle of Man,GIS/Geospatial data,https://www.gov.im/about-the-government/departments/infrastructure/mapping/,SOURCE VERIFIED,Official mapping agency page links to MANNGIS online mapping and government spatial layers; underlying authoritative map products may be licensed. Direct HTTP check not performed.,Not tested,https://www.gov.im/about-the-government/departments/infrastructure/mapping/,2026-09-30T08:35:04Z,[]
JE,Jersey,GIS/Geospatial data,https://www.gov.je/PlanningBuilding/JerseyMappingService/pages/digital.aspx/1000,SOURCE VERIFIED,"Official Government of Jersey mapping service; public mapping gallery includes free Island Plan and community GIS layers, while core mapping data is commercially licensed. Direct HTTP check not performed.",Not tested,https://www.gov.je/PlanningBuilding/JerseyMappingService/pages/digital.aspx/1000,2026-09-30T08:35:04Z,[]
MC,Monaco,GIS/Geospatial data,https://geldefonds.gouv.mc/sites-lies/sites-officiels-du-gouvernement-princier/urbamonaco-geoportail-de-l-urbanisme,SOURCE VERIFIED,Official Monaco government directory listing Urbamonaco urban-planning geoportal; thematic urban-planning scope. Direct HTTP check not performed.,Not tested,https://geldefonds.gouv.mc/sites-lies/sites-officiels-du-gouvernement-princier/urbamonaco-geoportail-de-l-urbanisme,2026-09-30T08:35:04Z,[]
RE,Reunion,GIS/Geospatial data,https://www.reunion.developpement-durable.gouv.fr/acces-aux-donnees-geographiques-a98.html,SOURCE VERIFIED,"Official DEAL Réunion page provides public geographic data layers through a map catalog, including WMS/WFS feeds. Direct HTTP check not performed.",Not tested,https://www.reunion.developpement-durable.gouv.fr/acces-aux-donnees-geographiques-a98.html,2026-09-30T08:35:04Z,[]
SJ,Svalbard and Jan Mayen,GIS/Geospatial data,https://geodata.npolar.no/,SOURCE VERIFIED,Norwegian Polar Institute data portal; downloadable basemap datasets and WMS/WMTS services cover both Svalbard and Jan Mayen. Direct HTTP check not performed.,Not tested,https://geodata.npolar.no/,2026-09-30T08:35:04Z,[]
SH,Saint Helena,GIS/Geospatial data,https://www.sainthelena.gov.sh/st-helena/government/portfolios/central-support-services/the-geographical-information-system-gis-section/,SOURCE VERIFIED,St Helena Government GIS section describes its central spatial-data repository and access under varying permissions; public data access is not universal. Direct HTTP check not performed.,Not tested,https://www.sainthelena.gov.sh/st-helena/government/portfolios/central-support-services/the-geographical-information-system-gis-section/,2026-09-30T08:35:04Z,[]
GW,Guinea-Bissau,GIS/Geospatial data,https://salb.un.org/en/data/gnb,SOURCE VERIFIED,"UN Geospatial Information Section validated Guinea-Bissau administrative-boundary data; country-scoped dataset service, not a national multi-theme geoportal. Direct HTTP check not performed.",Not tested,https://salb.un.org/en/data/gnb,2026-09-30T08:35:25Z,[]
LS,Lesotho,GIS/Geospatial data,https://lesis.gov.ls/land_data_page.php,SOURCE VERIFIED,Government-backed Lesotho Soil Information System provides national soil and land-cover maps and a thematic map viewer; focused on soils/land data. Direct HTTP check not performed.,Not tested,https://lesis.gov.ls/land_data_page.php,2026-09-30T08:35:25Z,[]
IR,Iran,GIS/Geospatial data,https://iransdi.ncc.gov.ir/en,SOURCE VERIFIED,Iran National Cartographic Center geoportal; current NCC publication links to publicly accessible national administrative-division layers and the national SDI portal. Portal offers national spatial data services. Direct HTTP check not performed.,Not tested,https://iransdi.ncc.gov.ir/en,2026-09-30T08:36:09Z,[]
YE,Yemen,GIS/Geospatial data,https://cso-ye.org/مركز-نظم-المعلومات-الجغرافية/,SOURCE VERIFIED,Yemen Central Statistical Organization GIS Center page describes its interactive statistical GIS and spatial-statistics database; portal content/access may be limited. Direct HTTP check not performed.,Not tested,https://cso-ye.org/مركز-نظم-المعلومات-الجغرافية/,2026-09-30T08:36:09Z,[]
MP,Northern Mariana Islands,GIS/Geospatial data,https://opd.gov.mp/geospatial-data.html,SOURCE VERIFIED,CNMI Office of Planning and Development resource page links current territorial geospatial layers and the official DCRM Open Data Portal; themed largely toward coastal resources and planning. Direct HTTP check not performed.,Not tested,https://opd.gov.mp/geospatial-data.html,2026-09-30T08:36:43Z,[]
ML,Mali,GIS/Geospatial data,https://ninacad.sprdf.ml/,SOURCE VERIFIED,"Mali land reform agency SPRDF parcel-information GIS portal (NINACAD), searchable by parcel/location; predominantly cadastral and currently uneven geographic coverage. Direct HTTP check not performed.",Not tested,https://ninacad.sprdf.ml/,2026-09-30T08:36:43Z,[]
KP,North Korea,GIS/Geospatial data,https://nkinfo.unikorea.go.kr/nkp/pge/view.do?menuId=SO302,SOURCE VERIFIED,"Republic of Korea Ministry of Unification North Korea Information Portal has GIS/map service for North Korean place names and facilities; focused reference map, not a North Korean government source. Direct HTTP check not performed.",Not tested,https://nkinfo.unikorea.go.kr/nkp/pge/view.do?menuId=SO302,2026-09-30T08:37:05Z,[]
SY,Syria,GIS/Geospatial data,https://opensyria.org/datasets/geography,SOURCE VERIFIED,"OpenSyria public data commons provides source-backed, downloadable Syrian administrative and settlement geography in multiple formats; independent civic project, not a government geoportal. Direct HTTP check not performed.",Not tested,https://opensyria.org/datasets/geography,2026-09-30T08:37:05Z,[]
